,회사명,거래소코드,회계년도_x,상장일,상장폐지일,산업명,소속코드,[제조]매출액증가율,매출액증가율(IFRS연결)
10,(주)ES큐브,50120,2011-12-01,2002-04-25,,  도매 및 상품 중개업,5,0,21.63
11,(주)ES큐브,50120,2012-12-01,2002-04-25,,  도매 및 상품 중개업,5,0,4.85
30,(주)강스템바이오텍,217730,2015-12-01,2015-12-21,,  연구개발업,5,0,14745.93
32,(주)강스템바이오텍,217730,2017-12-01,2015-12-21,,  의료용 물질 및 의약품 제조업,5,0,983.64
37,(주)강원에너지,114190,2012-12-01,2009-11-20,,  금속가공제품 제조업; 기계 및 가구 제외,5,0,112
40,(주)강원에너지,114190,2015-12-01,2009-11-20,,  금속가공제품 제조업; 기계 및 가구 제외,5,0,-10.28
46,(주)고려시멘트,198440,2017-12-01,2014-08-13,,  비금속 광물제품 제조업,5,0,876502.76
50,(주)고바이오랩,348150,2020-12-01,2020-11-18,,  연구개발업,5,0,696.42
73,(주)골드퍼시픽,38530,2013-12-01,2000-06-09,,"  전자부품, 컴퓨터, 영상, 음향 및 통신장비 제조업",5,0,-31.68
74,(주)골드퍼시픽,38530,2014-12-01,2000-06-09,,"  전자부품, 컴퓨터, 영상, 음향 및 통신장비 제조업",5,0,130
78,(주)골드퍼시픽,38530,2018-12-01,2000-06-09,,  도매 및 상품 중개업,5,0,13.45
81,(주)골프존,215000,2016-12-01,2015-04-03,,  출판업,5,0,7.64
99,(주)광림,14200,2014-12-01,1993-07-07,,  자동차 및 트레일러 제조업,5,0,123.74
101,(주)광림,14200,2016-12-01,1993-07-07,,  자동차 및 트레일러 제조업,5,0,-63.2
106,(주)광무,29480,2011-12-01,1996-08-27,,"  전자부품, 컴퓨터, 영상, 음향 및 통신장비 제조업",6,0,-36.69
107,(주)광무,29480,2012-12-01,1996-08-27,,"  전자부품, 컴퓨터, 영상, 음향 및 통신장비 제조업",6,0,-20.44
113,(주)광무,29480,2018-12-01,1996-08-27,,"  전자부품, 컴퓨터, 영상, 음향 및 통신장비 제조업",6,0,7.12
136,(주)국순당,43650,2011-12-01,2000-08-24,,  음료 제조업,5,0,9.2
137,(주)국순당,43650,2012-12-01,2000-08-24,,  음료 제조업,5,0,-7.04
156,(주)국전약품,307750,2020-12-01,2018-12-19,,  의료용 물질 및 의약품 제조업,5,0,806130.76
184,(주)금화피에스시,36190,2013-12-01,2000-12-26,,  전문직별 공사업,5,0,53.5
192,(주)기가레인,49080,2013-12-01,2013-12-19,,"  전자부품, 컴퓨터, 영상, 음향 및 통신장비 제조업",5,0,947819.34
212,(주)나노,187790,2015-12-01,2014-05-08,,  화학물질 및 화학제품 제조업; 의약품 제외,5,0,298918.1
230,(주)나노엔텍,39860,2011-12-01,2000-08-16,,"  의료, 정밀, 광학기기 및 시계 제조업",5,0,-13.2
231,(주)나노엔텍,39860,2012-12-01,2000-08-16,,"  의료, 정밀, 광학기기 및 시계 제조업",5,0,2.14
251,(주)나스미디어,89600,2016-12-01,2013-07-17,,  전문 서비스업,5,0,53.75
270,(주)나이스디앤비,130580,2015-12-01,2011-12-22,,  사업지원 서비스업,5,0,21.46
276,(주)나인테크,267320,2020-12-01,2017-06-22,,  기타 기계 및 장비 제조업,5,0,658558.1
277,(주)내츄럴엔도텍,168330,2013-12-01,2013-10-31,,  연구개발업,5,0,289.6
279,(주)내츄럴엔도텍,168330,2015-12-01,2013-10-31,,  연구개발업,5,0,-64.13
291,(주)네오리진,94860,2017-12-01,2007-04-16,,  출판업,5,0,-13.06
295,(주)네오셈,253590,2019-12-01,2018-04-04,,"  의료, 정밀, 광학기기 및 시계 제조업",5,0,272155.88
323,(주)네오크레마,311390,2019-12-01,2019-08-22,,  식료품 제조업,5,0,-9.05
327,(주)네오티스,85910,2013-12-01,2007-10-01,,  기타 기계 및 장비 제조업,5,0,3.25
328,(주)네오티스,85910,2014-12-01,2007-10-01,,  기타 기계 및 장비 제조업,5,0,4.27
340,(주)네오팜,92730,2016-12-01,2007-01-30,,  화학물질 및 화학제품 제조업; 의약품 제외,5,0,17.81
345,(주)네오퍼플,28090,2011-12-01,1996-11-29,2013-05-03,  식료품 제조업,4,0,-11.8
346,(주)네오퍼플,28090,2012-12-01,1996-11-29,2013-05-03,  식료품 제조업,4,0,-23.25
347,(주)네오펙트,290660,2018-12-01,2018-11-28,,"  의료, 정밀, 광학기기 및 시계 제조업",5,0,26.91
350,(주)네온테크,306620,2020-12-01,2018-10-31,,  기타 기계 및 장비 제조업,5,0,391136.68
353,(주)네이블커뮤니케이션즈,153460,2014-12-01,2012-07-19,,  출판업,5,0,8.04
380,(주)네패스아크,330860,2020-12-01,2020-11-17,,"  기타 전문, 과학 및 기술 서비스업",5,0,23.99
383,(주)넥스지,81970,2013-12-01,2007-08-20,2018-10-11,  출판업,4,0,-3.74
387,(주)넥스지,81970,2017-12-01,2007-08-20,2018-10-11,  출판업,4,0,-13.49
399,(주)넥스트아이,137940,2012-12-01,2011-06-14,,"  의료, 정밀, 광학기기 및 시계 제조업",5,0,44.66
408,(주)넥스트엔터테인먼트월드,160550,2014-12-01,2014-12-23,,  영상ㆍ오디오 기록물 제작 및 배급업,5,0,-50.98
416,(주)넥슨게임즈,225570,2017-12-01,2015-09-25,,  출판업,5,0,223975.05
420,(주)넵튠,217270,2016-12-01,2015-06-18,,  출판업,5,0,183255.49
431,(주)노바텍,285490,2018-12-01,2018-11-02,,  기타 제품 제조업,5,0,21.61
446,(주)녹십자엠에스,142280,2015-12-01,2014-12-17,,  의료용 물질 및 의약품 제조업,5,0,9.79
470,(주)누리플랜,69140,2017-12-01,2010-10-26,,  금속가공제품 제조업; 기계 및 가구 제외,5,0,3.52
502,(주)뉴보텍,60260,2020-12-01,2002-02-05,,  고무 및 플라스틱제품 제조업,5,0,1.87
513,(주)뉴트리,270870,2018-12-01,2018-12-13,,  식료품 제조업,5,0,44.44
541,(주)다날,64260,2011-12-01,2004-07-23,,  정보서비스업,5,0,10.99
542,(주)다날,64260,2012-12-01,2004-07-23,,  출판업,5,0,8.82
574,(주)다원시스,68240,2014-12-01,2010-09-14,,  전기장비 제조업,5,0,3.18
608,(주)대림제지,17650,2017-12-01,1994-11-07,,"  펄프, 종이 및 종이제품 제조업",5,0,75.02
659,(주)대유에이피,290120,2019-12-01,2018-12-07,,  자동차 및 트레일러 제조업,5,0,-18.82
662,(주)대창솔루션,96350,2012-12-01,2007-12-17,,  금속가공제품 제조업; 기계 및 가구 제외,5,0,-12.63
679,(주)대한과학,131220,2012-12-01,2011-10-11,,  도매 및 상품 중개업,5,0,13.73
698,(주)더 미동,161570,2013-12-01,2013-11-13,,"  전자부품, 컴퓨터, 영상, 음향 및 통신장비 제조업",5,0,-1.09
712,(주)더블유아이,73570,2016-12-01,2004-01-06,,  기타 기계 및 장비 제조업,5,0,-68.58
717,(주)더블유에스아이,299170,2020-12-01,2018-09-21,,  도매 및 상품 중개업,5,0,263762.36
719,(주)덕산테코피아,317330,2020-12-01,2019-08-02,,  화학물질 및 화학제품 제조업; 의약품 제외,5,0,26.75
721,(주)덕신하우징,90410,2015-12-01,2014-08-01,,  금속가공제품 제조업; 기계 및 가구 제외,5,0,15.72
739,(주)덱스터스튜디오,206560,2015-12-01,2015-12-22,,  영상ㆍ오디오 기록물 제작 및 배급업,5,0,260448.27
745,(주)덴티스,261200,2020-12-01,2017-06-26,,"  의료, 정밀, 광학기기 및 시계 제조업",5,0,467072.31
749,(주)동국알앤에스,75970,2011-12-01,2004-02-13,,  비금속 광물제품 제조업,5,0,-12.72
750,(주)동국알앤에스,75970,2012-12-01,2004-02-13,,  비금속 광물제품 제조업,5,0,-15.66
783,(주)동성화인텍,33500,2015-12-01,1997-12-19,,  화학물질 및 화학제품 제조업; 의약품 제외,5,0,-17.51
817,(주)동우팜투테이블,88910,2019-12-01,2006-06-23,,  식료품 제조업,5,0,8.16
881,(주)드래곤플라이,30350,2019-12-01,1997-11-10,,  출판업,5,0,-4.59
883,(주)드림시큐리티,203650,2017-12-01,2014-10-13,,  출판업,5,0,247584.02
898,(주)드림티엔터테인먼트,220110,2015-12-01,2015-06-24,2020-04-10,"  기타 전문, 과학 및 기술 서비스업",4,0,144
903,(주)디딤,217620,2017-12-01,2015-06-10,,  음식점 및 주점업,5,0,687988.86
908,(주)디모아,16670,2012-12-01,1993-04-21,,  도매 및 상품 중개업,6,0,95.63
942,(주)디아크,78590,2018-12-01,2005-10-27,,  자동차 및 트레일러 제조업,6,0,8.41
948,(주)디알텍,214680,2016-12-01,2015-04-20,,"  의료, 정밀, 광학기기 및 시계 제조업",5,0,366292.22
953,(주)디앤씨미디어,263720,2017-12-01,2017-08-01,,  출판업,5,0,40.46
954,(주)디앤씨미디어,263720,2018-12-01,2017-08-01,,  출판업,5,0,24.02
959,(주)디에스앤엘,141020,2013-12-01,2013-01-29,,"  전자부품, 컴퓨터, 영상, 음향 및 통신장비 제조업",6,0,-67.54
978,(주)디에이테크놀로지,196490,2014-12-01,2014-11-19,,  기타 기계 및 장비 제조업,5,0,39.74
999,(주)디엔에이링크,127120,2015-12-01,2011-12-26,,  연구개발업,5,0,7.87
1014,(주)디엔에프,92070,2020-12-01,2007-11-16,,  화학물질 및 화학제품 제조업; 의약품 제외,5,0,61.69
1035,(주)디와이디,219550,2017-12-01,2015-07-22,,  도매 및 상품 중개업,6,0,636822.86
1037,(주)디와이디,219550,2019-12-01,2015-07-22,,  도매 및 상품 중개업,6,0,-11.17
1042,(주)디이엔티,79810,2014-12-01,2005-01-26,,  기타 기계 및 장비 제조업,5,0,-38.46
1052,(주)디지아이,43360,2014-12-01,2001-07-20,,"  전자부품, 컴퓨터, 영상, 음향 및 통신장비 제조업",5,0,5.5
1060,(주)디지캡,197140,2019-12-01,2018-09-07,,  출판업,5,0,32.34
1066,(주)디지털대성,68930,2015-12-01,2003-10-17,,  교육 서비스업,5,0,4.73
1092,(주)디티앤씨,187220,2015-12-01,2014-12-17,,"  건축기술, 엔지니어링 및 기타 과학기술 서비스업",5,0,15.7
1098,(주)디피앤케이,189700,2014-12-01,2014-06-10,2017-08-31,"  의복, 의복 액세서리 및 모피제품 제조업",4,0,124555.23
1111,(주)라닉스,317120,2019-12-01,2019-09-18,,"  전자부품, 컴퓨터, 영상, 음향 및 통신장비 제조업",5,0,-7.81
1113,(주)라온테크,232680,2018-12-01,2021-06-17,,  기타 기계 및 장비 제조업,5,0,243307.58
1142,(주)랩지노믹스,84650,2020-12-01,2014-12-16,,  연구개발업,5,0,260.14
1143,(주)러셀,217500,2018-12-01,2015-06-16,,  기타 기계 및 장비 제조업,5,0,312514.82
1145,(주)러셀,217500,2020-12-01,2015-06-16,,  기타 기계 및 장비 제조업,5,0,-16
1148,(주)레고켐바이오사이언스,141080,2015-12-01,2013-05-10,,  연구개발업,5,0,105.56
1158,(주)레드로버,60300,2015-12-01,2002-01-10,,  영상ㆍ오디오 기록물 제작 및 배급업,6,0,-30.49
1164,(주)레드캡투어,38390,2011-12-01,2000-02-01,,  사업지원 서비스업,5,0,17.85
1165,(주)레드캡투어,38390,2012-12-01,2000-02-01,,  사업지원 서비스업,5,0,12.2
1182,(주)레이크머티리얼즈,281740,2020-12-01,2017-12-12,,  화학물질 및 화학제품 제조업; 의약품 제외,5,0,464773.52
1186,(주)로보로보,215100,2017-12-01,2015-04-22,,  전기장비 제조업,5,0,143591.33
1200,(주)로보티즈,108490,2018-12-01,2018-10-26,,  기타 기계 및 장비 제조업,5,0,35.47
1244,(주)리노스,39980,2014-12-01,2002-08-13,,  소매업; 자동차 제외,5,0,29.33
1246,(주)리노스,39980,2016-12-01,2002-08-13,,  소매업; 자동차 제외,5,0,6.82
1253,(주)리더스코스메틱,16100,2013-12-01,2003-01-15,,"  펄프, 종이 및 종이제품 제조업",6,0,35.4
1254,(주)리더스코스메틱,16100,2014-12-01,2003-01-15,,"  펄프, 종이 및 종이제품 제조업",6,0,64.23
1266,(주)리드코프,12700,2011-12-01,1996-01-19,,  도매 및 상품 중개업,5,0,23.49
1267,(주)리드코프,12700,2012-12-01,1996-01-19,,  도매 및 상품 중개업,5,0,22.36
1277,(주)리메드,302550,2020-12-01,2019-12-06,,"  의료, 정밀, 광학기기 및 시계 제조업",5,0,-10.34
1298,(주)마이크로컨텍솔루션,98120,2012-12-01,2008-09-23,,  전기장비 제조업,5,0,3.97
1322,(주)매직마이크로,127160,2015-12-01,2015-11-19,,  전기장비 제조업,6,0,653383.47
1328,(주)매커스,93520,2011-12-01,2007-02-12,,  도매 및 상품 중개업,5,0,-5.22
1329,(주)매커스,93520,2012-12-01,2007-02-12,,  도매 및 상품 중개업,5,0,0.84
1342,(주)멀티캠퍼스,67280,2012-12-01,2006-11-16,,  정보서비스업,5,0,27.42
1351,(주)메드팩토,235980,2019-12-01,2019-12-19,,  연구개발업,5,0,
1352,(주)메드팩토,235980,2020-12-01,2019-12-19,,  연구개발업,5,0,
1368,(주)메디콕스,54180,2019-06-01,2001-10-16,,  기타 운송장비 제조업,5,0,80.55
1372,(주)메디톡스,86900,2013-12-01,2009-01-16,,  의료용 물질 및 의약품 제조업,5,0,7.94
1389,(주)메디프론디비티,65650,2020-12-01,2003-01-21,,  도매 및 상품 중개업,5,0,80.41
1394,(주)메지온,140410,2016-12-01,2012-01-20,,  연구개발업,5,0,-41.37
1400,(주)메카로,241770,2018-12-01,2017-12-06,,  화학물질 및 화학제품 제조업; 의약품 제외,5,0,-5.22
1413,(주)멕아이씨에스,58110,2015-12-01,2015-12-14,,"  의료, 정밀, 광학기기 및 시계 제조업",5,0,-80.93
1414,(주)멕아이씨에스,58110,2016-12-01,2015-12-14,,"  의료, 정밀, 광학기기 및 시계 제조업",5,0,-12.02
1427,(주)멜파스,96640,2019-12-01,2009-12-18,,"  전자부품, 컴퓨터, 영상, 음향 및 통신장비 제조업",6,0,49.63
1433,(주)모다,149940,2016-12-01,2012-09-25,2020-07-10,"  전자부품, 컴퓨터, 영상, 음향 및 통신장비 제조업",4,0,322.89
1459,(주)모린스,110310,2013-12-01,2009-09-25,2014-04-11,"  전자부품, 컴퓨터, 영상, 음향 및 통신장비 제조업",4,0,4.89
1461,(주)모바일리더,100030,2012-12-01,2010-05-25,,  출판업,5,0,0.34
1490,(주)모비스,250060,2017-12-01,2016-09-08,,"  컴퓨터 프로그래밍, 시스템 통합 및 관리업",5,0,23795.36
1491,(주)모비스,250060,2018-12-01,2016-09-08,,"  컴퓨터 프로그래밍, 시스템 통합 및 관리업",5,0,4.48
1504,(주)미래생명자원,218150,2017-12-01,2015-06-18,,  식료품 제조업,5,0,409166.76
1535,(주)바른손,18700,2011-03-01,1994-03-18,,"  펄프, 종이 및 종이제품 제조업",5,0,69.27
1545,(주)바른손이앤에이,35620,2011-12-01,1999-08-13,,  출판업,5,0,0.15
1546,(주)바른손이앤에이,35620,2012-12-01,1999-08-13,,  출판업,5,0,-34.95
1559,(주)바른전자,64520,2015-12-01,2002-12-04,,"  전자부품, 컴퓨터, 영상, 음향 및 통신장비 제조업",5,0,4.19
1565,(주)바이넥스,53030,2011-12-01,2001-08-07,,  의료용 물질 및 의약품 제조업,5,0,13.15
1566,(주)바이넥스,53030,2012-12-01,2001-08-07,,  의료용 물질 및 의약품 제조업,5,0,3.13
1570,(주)바이넥스,53030,2016-12-01,2001-08-07,,  의료용 물질 및 의약품 제조업,5,0,23.4
1575,(주)바이브컴퍼니,301300,2020-12-01,2020-10-28,,  출판업,5,0,56.9
1586,(주)바이오로그디바이스,208710,2015-12-01,2014-12-24,,"  전자부품, 컴퓨터, 영상, 음향 및 통신장비 제조업",5,0,448640.1
1603,(주)바이오솔루션,86820,2020-12-01,2018-08-20,,  의료용 물질 및 의약품 제조업,5,0,-12.81
1634,(주)박셀바이오,323990,2020-12-01,2020-09-22,,  연구개발업,5,0,
1635,(주)배럴,267790,2018-12-01,2018-02-01,,"  의복, 의복 액세서리 및 모피제품 제조업",5,0,41.89
1658,(주)베노홀딩스,206400,2015-12-01,2014-12-10,,  출판업,5,0,202616.02
1670,(주)베스파,299910,2019-12-01,2018-12-03,,  출판업,6,0,-19.21
1677,(주)보광산업,225530,2020-12-01,2015-12-17,,  비금속 광물제품 제조업,5,0,14.33
1679,(주)보라티알,250000,2017-12-01,2017-06-08,,  도매 및 상품 중개업,5,0,9.69
1713,(주)브랜드엑스코퍼레이션,337930,2020-12-01,2020-08-13,,  정보서비스업,5,0,117.99
1734,(주)브이티지엠피,18290,2017-12-01,1994-09-07,,"  전자부품, 컴퓨터, 영상, 음향 및 통신장비 제조업",5,0,69.8
1760,(주)비덴트,121800,2013-12-01,2011-12-01,,"  전자부품, 컴퓨터, 영상, 음향 및 통신장비 제조업",5,0,-15.38
1761,(주)비덴트,121800,2014-12-01,2011-12-01,,"  전자부품, 컴퓨터, 영상, 음향 및 통신장비 제조업",5,0,10.2
1776,(주)비보존헬스케어,82800,2019-12-01,2005-11-18,,"  전자부품, 컴퓨터, 영상, 음향 및 통신장비 제조업",6,0,-2.28
1781,(주)비씨월드제약,200780,2017-12-01,2014-12-15,,  의료용 물질 및 의약품 제조업,5,0,9.96
1789,(주)비아트론,141000,2016-12-01,2012-05-04,,  기타 기계 및 장비 제조업,5,0,69.36
1805,(주)비엔씨컴퍼니,58370,2011-12-01,2002-02-19,2017-05-08,  기타 기계 및 장비 제조업,4,0,-35.17
1807,(주)비엔씨컴퍼니,58370,2013-12-01,2002-02-19,2017-05-08,  도매 및 상품 중개업,4,0,124.21
1811,(주)비엔지티,32790,2011-12-01,1997-06-26,,"  전자부품, 컴퓨터, 영상, 음향 및 통신장비 제조업",6,0,-20.03
1812,(주)비엔지티,32790,2012-12-01,1997-06-26,,"  전자부품, 컴퓨터, 영상, 음향 및 통신장비 제조업",6,0,-10.47
1822,(주)비엘,142760,2017-12-01,2016-07-07,,  연구개발업,5,0,204.19
1846,(주)비올,335890,2020-12-01,2019-12-03,,"  의료, 정밀, 광학기기 및 시계 제조업",5,0,121443.28
1847,(주)비즈니스온커뮤니케이션,138580,2017-12-01,2017-11-30,,  출판업,5,0,134465.61
1850,(주)비즈니스온커뮤니케이션,138580,2020-12-01,2017-11-30,,  출판업,5,0,17.56
1853,(주)비츠로셀,82920,2013-03-01,2009-10-28,,  전기장비 제조업,5,0,14.97
1855,(주)비츠로셀,82920,2015-06-01,2009-10-28,,  전기장비 제조업,5,0,16.43
1861,(주)비츠로시스,54220,2011-03-01,2001-12-26,,  전기장비 제조업,5,0,-24.05
1871,(주)비츠로테크,42370,2011-03-01,2000-08-03,,  전기장비 제조업,5,0,30.19
1872,(주)비츠로테크,42370,2012-03-01,2000-08-03,,  전기장비 제조업,5,0,7.7
1875,(주)비츠로테크,42370,2015-06-01,2000-08-03,,  전기장비 제조업,5,0,22.48
1877,(주)비츠로테크,42370,2017-06-01,2000-08-03,,  전문 서비스업,5,0,125.48
1881,(주)비케이홀딩스,50090,2011-12-01,2004-06-29,,"  전자부품, 컴퓨터, 영상, 음향 및 통신장비 제조업",5,0,3.8
1882,(주)비케이홀딩스,50090,2012-12-01,2004-06-29,,"  전자부품, 컴퓨터, 영상, 음향 및 통신장비 제조업",5,0,-8.83
1888,(주)비케이홀딩스,50090,2018-12-01,2004-06-29,,"  전자부품, 컴퓨터, 영상, 음향 및 통신장비 제조업",5,0,-60.79
1902,(주)비피도,238200,2019-12-01,2018-12-26,,  식료품 제조업,5,0,-12.49
1926,(주)사람인에이치알,143240,2014-12-01,2012-02-21,,  정보서비스업,5,0,5.91
1928,(주)사람인에이치알,143240,2016-12-01,2012-02-21,,  정보서비스업,5,0,7.6
1933,(주)삼기,122350,2012-12-01,2010-03-19,,  자동차 및 트레일러 제조업,5,0,1874717.86
2021,(주)상보,27580,2014-12-01,2007-10-01,,"  전자부품, 컴퓨터, 영상, 음향 및 통신장비 제조업",5,0,2.75
2028,(주)상상인,38540,2011-12-01,2000-08-18,,"  전자부품, 컴퓨터, 영상, 음향 및 통신장비 제조업",5,0,12.28
2029,(주)상상인,38540,2012-12-01,2000-08-18,,"  컴퓨터 프로그래밍, 시스템 통합 및 관리업",5,0,48.1
2046,(주)상상인인더스트리,101000,2019-12-01,2009-11-06,,  기타 기계 및 장비 제조업,5,0,-50.04
2063,(주)상지카일룸,42940,2016-12-01,2000-10-19,,  전문직별 공사업,5,0,-76.81
2081,(주)서린바이오사이언스,38070,2013-12-01,2005-10-25,,  도매 및 상품 중개업,5,0,-20.97
2089,(주)서부티엔디,6730,2011-12-01,1995-10-06,,  소매업; 자동차 제외,5,0,6.7
2090,(주)서부티엔디,6730,2012-12-01,1995-10-06,,  소매업; 자동차 제외,5,0,22.72
2098,(주)서부티엔디,6730,2020-12-01,1995-10-06,,  숙박업,5,0,-33.75
2170,(주)서진오토모티브,122690,2012-12-01,2010-05-25,,  자동차 및 트레일러 제조업,5,0,10238639.94
2214,(주)선익시스템,171090,2017-12-01,2017-09-20,,"  전자부품, 컴퓨터, 영상, 음향 및 통신장비 제조업",5,0,-14
2333,(주)세토피아,222810,2016-12-01,2015-08-13,,  출판업,5,0,147539.62
2336,(주)세토피아,222810,2019-12-01,2015-08-13,,  출판업,5,0,-2.31
2342,(주)세화피앤씨,252500,2017-12-01,2016-11-02,,  화학물질 및 화학제품 제조업; 의약품 제외,5,0,12.63
2347,(주)셀레믹스,331920,2020-12-01,2020-08-21,,  의료용 물질 및 의약품 제조업,5,0,238.73
2348,(주)셀루메드,49180,2011-12-01,2002-05-23,,  의료용 물질 및 의약품 제조업,5,0,-12.34
2349,(주)셀루메드,49180,2012-12-01,2002-05-23,,  의료용 물질 및 의약품 제조업,5,0,-13.25
2358,(주)셀리드,299660,2019-12-01,2019-02-20,,  연구개발업,5,0,
2359,(주)셀리드,299660,2020-12-01,2019-02-20,,  연구개발업,5,0,
2360,(주)셀리버리,268600,2018-12-01,2018-11-09,,  연구개발업,5,0,45023.16
2366,(주)셀바스에이아이,108860,2014-12-01,2009-12-10,,  출판업,5,0,-18.53
2367,(주)셀바스에이아이,108860,2015-12-01,2009-12-10,,  출판업,5,0,40.73
2373,(주)셀바스헬스케어,208370,2016-12-01,2014-12-17,,"  의료, 정밀, 광학기기 및 시계 제조업",5,0,230767.97
2396,(주)셀피글로벌,68940,2015-12-01,2010-10-19,,"  전자부품, 컴퓨터, 영상, 음향 및 통신장비 제조업",5,0,18.4
2403,(주)소마젠,950200,2020-12-01,2020-07-13,,"  기타 전문, 과학 및 기술 서비스업",5,0,-5.38
2406,(주)소프트센,32680,2013-12-01,1997-07-18,,  도매 및 상품 중개업,5,0,146.43
2407,(주)소프트센,32680,2014-12-01,1997-07-18,,  도매 및 상품 중개업,5,0,221.6
2413,(주)소프트센,32680,2020-12-01,1997-07-18,,  도매 및 상품 중개업,5,0,-16.92
2468,(주)수산아이앤티,50960,2020-12-01,2016-10-11,,  출판업,5,0,43.48
2469,(주)수젠텍,253840,2019-12-01,2019-05-28,,  의료용 물질 및 의약품 제조업,5,0,-29.43
2471,(주)슈프리마,236200,2016-12-01,2016-02-05,,"  전자부품, 컴퓨터, 영상, 음향 및 통신장비 제조업",5,0,inf
2498,(주)스마트솔루션즈,136510,2014-12-01,2011-11-18,,  기타 기계 및 장비 제조업,6,0,-31.37
2510,(주)스맥,99440,2016-12-01,2009-05-26,,  기타 기계 및 장비 제조업,5,0,0.61
2521,(주)스카이문스테크놀로지,33790,2017-12-01,2001-06-26,,"  전자부품, 컴퓨터, 영상, 음향 및 통신장비 제조업",6,0,2.86
2525,(주)스킨앤스킨,159910,2012-12-01,2012-12-27,,  화학물질 및 화학제품 제조업; 의약품 제외,5,0,24.21
2528,(주)스킨앤스킨,159910,2015-12-01,2012-12-27,,  화학물질 및 화학제품 제조업; 의약품 제외,5,0,129.93
2544,(주)스튜디오산타클로스엔터테인먼트,204630,2015-12-01,2014-12-29,,"  창작, 예술 및 여가관련 서비스업",5,0,206561.74
2545,(주)스튜디오산타클로스엔터테인먼트,204630,2016-12-01,2014-12-29,,"  창작, 예술 및 여가관련 서비스업",5,0,40.69
2591,(주)시너지이노베이션,48870,2011-12-01,2004-08-13,,"  전자부품, 컴퓨터, 영상, 음향 및 통신장비 제조업",5,0,99.62
2592,(주)시너지이노베이션,48870,2012-12-01,2004-08-13,,"  전자부품, 컴퓨터, 영상, 음향 및 통신장비 제조업",5,0,45.56
2611,(주)시스웍,269620,2017-12-01,2017-12-26,,"  의료, 정밀, 광학기기 및 시계 제조업",6,0,29.18
2620,(주)시큐브,131090,2016-12-01,2011-12-21,,  출판업,5,0,2.28
2627,(주)시티랩스,139050,2013-12-01,2011-07-29,,"  컴퓨터 프로그래밍, 시스템 통합 및 관리업",5,0,11.06
2646,(주)신테카바이오,226330,2019-12-01,2019-12-17,,  출판업,5,0,60.99
2658,(주)심텍,222800,2016-12-01,2015-08-05,,"  전자부품, 컴퓨터, 영상, 음향 및 통신장비 제조업",5,0,100.27
2673,(주)싸이맥스,160980,2015-12-01,2015-06-17,,  기타 기계 및 장비 제조업,5,0,1.33
2692,(주)썬테크놀로지스,122800,2015-12-01,2010-11-26,2020-02-12,  기타 기계 및 장비 제조업,4,0,23.68
2696,(주)썸에이지,208640,2016-12-01,2014-12-29,,  출판업,5,0,60422.65
2701,(주)쎄노텍,222420,2016-12-01,2015-08-06,,  비금속 광물제품 제조업,5,0,401480.48
2719,(주)쎄트렉아이,99320,2014-12-01,2008-06-13,,  기타 운송장비 제조업,5,0,-17.48
2749,(주)씨그널엔터테인먼트그룹,99830,2014-12-01,2011-01-24,2018-05-04,"  컴퓨터 프로그래밍, 시스템 통합 및 관리업",4,0,-52.39
2753,(주)씨씨에스충북방송,66790,2011-12-01,2003-05-30,,  방송업,5,0,10.63
2754,(주)씨씨에스충북방송,66790,2012-12-01,2003-05-30,,  방송업,5,0,0.51
2763,(주)씨앤에스자산관리,32040,2011-12-01,1997-01-23,2018-10-11,  사업지원 서비스업,4,0,11.38
2764,(주)씨앤에스자산관리,32040,2012-12-01,1997-01-23,2018-10-11,  사업지원 서비스업,4,0,10.71
2790,(주)씨에스에이코스믹,83660,2017-12-01,2006-07-25,,  고무 및 플라스틱제품 제조업,5,0,-8.76
2810,(주)씨유메디칼시스템,115480,2012-12-01,2011-12-15,,"  의료, 정밀, 광학기기 및 시계 제조업",5,0,-5.95
2835,(주)씨젠,96530,2014-12-01,2010-09-10,,  화학물질 및 화학제품 제조업; 의약품 제외,5,0,9.18
2853,(주)씨티케이,260930,2017-12-01,2017-12-07,,  화학물질 및 화학제품 제조업; 의약품 제외,5,0,-15.61
2878,(주)아난티,25980,2012-12-01,1996-01-06,,  스포츠 및 오락관련 서비스업,5,0,31.03
2879,(주)아난티,25980,2013-12-01,1996-01-06,,  스포츠 및 오락관련 서비스업,5,0,-24.47
2895,(주)아리온테크놀로지,58220,2016-12-01,2005-08-05,,"  전자부품, 컴퓨터, 영상, 음향 및 통신장비 제조업",6,0,-48.13
2912,(주)아미노로직스,74430,2011-12-01,2004-06-04,,"  전자부품, 컴퓨터, 영상, 음향 및 통신장비 제조업",5,0,-59.26
2939,(주)아바텍,149950,2019-12-01,2012-11-06,,"  전자부품, 컴퓨터, 영상, 음향 및 통신장비 제조업",5,0,1.45
2947,(주)아스트,67390,2016-12-01,2014-12-24,,  기타 운송장비 제조업,5,0,8.77
2960,(주)아우딘퓨쳐스,227610,2019-12-01,2017-07-12,,  화학물질 및 화학제품 제조업; 의약품 제외,5,0,-39.46
2962,(주)아이디스,143160,2012-12-01,2011-09-26,,"  전자부품, 컴퓨터, 영상, 음향 및 통신장비 제조업",5,0,135.81
2971,(주)아이디스홀딩스,54800,2011-12-01,2001-09-27,,"  전자부품, 컴퓨터, 영상, 음향 및 통신장비 제조업",5,0,157.58
3002,(주)아이씨디,40910,2016-12-01,2011-08-05,,  기타 기계 및 장비 제조업,5,0,866.67
3008,(주)아이앤씨테크놀로지,52860,2012-12-01,2009-10-06,,"  전자부품, 컴퓨터, 영상, 음향 및 통신장비 제조업",5,0,-52.18
3035,(주)아이에스이커머스,69920,2019-12-01,2007-12-05,,  소매업; 자동차 제외,5,0,3.46
3037,(주)아이에이,38880,2011-12-01,2000-04-27,,"  전자부품, 컴퓨터, 영상, 음향 및 통신장비 제조업",5,0,-37.56
3038,(주)아이에이,38880,2012-12-01,2000-04-27,,"  전자부품, 컴퓨터, 영상, 음향 및 통신장비 제조업",5,0,59.17
3047,(주)아이엠,101390,2011-12-01,2008-07-23,,  도매 및 상품 중개업,5,0,0
3060,(주)아이엠비씨,52220,2014-12-01,2005-01-21,,  정보서비스업,5,0,5.76
3069,(주)아이오케이컴퍼니,78860,2013-12-01,2006-06-27,,  출판업,5,0,-28.53
3073,(주)아이오케이컴퍼니,78860,2017-12-01,2006-06-27,,  출판업,5,0,36.33
3113,(주)아이톡시,52770,2012-12-01,2002-08-22,,  출판업,6,0,-18.12
3114,(주)아이톡시,52770,2013-12-01,2002-08-22,,  출판업,6,0,-5.77
3119,(주)아이톡시,52770,2018-12-01,2002-08-22,,  출판업,6,0,-31.23
3136,(주)아이티엑스에이아이,99520,2019-12-01,2009-12-22,,"  전자부품, 컴퓨터, 영상, 음향 및 통신장비 제조업",6,0,15.16
3167,(주)아프리카티비,67160,2011-12-01,2003-12-19,,  출판업,5,0,-39.07
3169,(주)아프리카티비,67160,2013-12-01,2003-12-19,,  출판업,5,0,-2.02
3170,(주)아프리카티비,67160,2014-12-01,2003-12-19,,  출판업,5,0,4.89
3177,(주)안랩,53800,2011-12-01,2001-09-13,,  출판업,5,0,40.19
3178,(주)안랩,53800,2012-12-01,2001-09-13,,  출판업,5,0,27.62
3217,(주)알체라,347860,2020-12-01,2020-12-21,,  출판업,5,0,38.85
3218,(주)알테오젠,196170,2014-12-01,2014-12-12,,  연구개발업,5,0,27.41
3225,(주)알톤스포츠,123750,2011-12-01,2010-07-02,,  기타 운송장비 제조업,5,0,703764.14
3244,(주)알파홀딩스,117670,2012-12-01,2010-09-17,,"  전자부품, 컴퓨터, 영상, 음향 및 통신장비 제조업",6,0,45.14
3246,(주)알파홀딩스,117670,2014-12-01,2010-09-17,,"  전자부품, 컴퓨터, 영상, 음향 및 통신장비 제조업",6,0,24.1
3248,(주)알파홀딩스,117670,2016-12-01,2010-09-17,,"  전자부품, 컴퓨터, 영상, 음향 및 통신장비 제조업",6,0,11.44
3254,(주)애니플러스,310200,2020-12-01,2018-12-21,,  영상ㆍ오디오 기록물 제작 및 배급업,5,0,158759.21
3255,(주)애드바이오텍,179530,2020-12-01,2022-01-24,,  의료용 물질 및 의약품 제조업,5,0,98053.08
3256,(주)액션스퀘어,205500,2015-12-01,2014-11-12,,  출판업,5,0,66530.82
3258,(주)액션스퀘어,205500,2017-12-01,2014-11-12,,  출판업,5,0,137.54
3277,(주)앤디포스,238090,2018-12-01,2016-10-12,,  고무 및 플라스틱제품 제조업,5,0,-8.76
3281,(주)앤씨앤,92600,2012-12-01,2007-06-26,,"  전자부품, 컴퓨터, 영상, 음향 및 통신장비 제조업",5,0,15.88
3291,(주)야스,255440,2017-12-01,2017-09-29,,  기타 기계 및 장비 제조업,5,0,4.3
3299,(주)얼라인드제네틱스,238120,2016-12-01,2016-11-03,,"  의료, 정밀, 광학기기 및 시계 제조업",5,0,15.04
3309,(주)에너토크,19990,2016-12-01,2006-02-01,,  기타 기계 및 장비 제조업,5,0,-9.22
3314,(주)에듀언스,9010,2011-12-01,1993-12-29,2013-05-01,  교육 서비스업,4,0,1.46
3335,(주)에스마크,30270,2016-12-01,1997-01-17,2020-05-21,  섬유제품 제조업; 의복제외,4,0,-39.12
3339,(주)에스비에스콘텐츠허브,46140,2011-12-01,2003-02-05,,  정보서비스업,5,0,29.48
3340,(주)에스비에스콘텐츠허브,46140,2012-12-01,2003-02-05,,  영상ㆍ오디오 기록물 제작 및 배급업,5,0,-3.58
3355,(주)에스씨디,42110,2015-12-01,2000-07-13,,  전기장비 제조업,5,0,6.73
3390,(주)에스앤에스텍,101490,2020-12-01,2009-04-14,,"  전자부품, 컴퓨터, 영상, 음향 및 통신장비 제조업",5,0,3.44
3401,(주)에스에스알,275630,2018-12-01,2018-08-06,,  출판업,5,0,27.1
3432,(주)에스에프씨,112240,2013-12-01,2011-11-30,2020-06-30,  고무 및 플라스틱제품 제조업,4,0,17.13
3459,(주)에스엘바이오닉스,214310,2015-12-01,2015-06-25,,"  전자부품, 컴퓨터, 영상, 음향 및 통신장비 제조업",6,0,18.93
3467,(주)에스엠라이프디자인그룹,63440,2013-12-01,2002-05-30,,  인쇄 및 기록매체 복제업,5,0,-10.45
3475,(주)에스엠엔터테인먼트,41510,2011-12-01,2000-04-27,,  인쇄 및 기록매체 복제업,5,0,47.71
3476,(주)에스엠엔터테인먼트,41510,2012-12-01,2000-04-27,,  영상ㆍ오디오 기록물 제작 및 배급업,5,0,68.76
3485,(주)에스엠컬처앤콘텐츠,48550,2011-12-01,2001-01-18,,  사업지원 서비스업,5,0,-12.75
3529,(주)에스텍파마,41910,2013-12-01,2004-02-06,,  의료용 물질 및 의약품 제조업,5,0,-27.93
3567,(주)에스폴리텍,50760,2011-12-01,2002-05-16,,  고무 및 플라스틱제품 제조업,5,0,0
3600,(주)에이디칩스,54630,2011-12-01,2001-11-13,,  도매 및 상품 중개업,6,0,0.08
3601,(주)에이디칩스,54630,2012-12-01,2001-11-13,,  도매 및 상품 중개업,6,0,-31.87
3614,(주)에이디테크놀로지,200710,2018-12-01,2014-12-16,,"  전자부품, 컴퓨터, 영상, 음향 및 통신장비 제조업",5,0,242.39
3618,(주)에이루트,96690,2012-12-01,2010-12-01,,"  전자부품, 컴퓨터, 영상, 음향 및 통신장비 제조업",5,0,-1.83
3622,(주)에이루트,96690,2016-12-01,2010-12-01,,"  전자부품, 컴퓨터, 영상, 음향 및 통신장비 제조업",5,0,15.76
3642,(주)에이스침대,3800,2020-12-01,1996-05-03,,  가구 제조업,6,0,4.35
3665,(주)에이치비테크놀러지,78150,2018-12-01,2004-12-08,,  기타 기계 및 장비 제조업,5,0,-3.97
3683,(주)에이치앤비디자인,227100,2018-12-01,2018-11-15,,  전기장비 제조업,5,0,3.18
3701,(주)에이텍,45660,2011-12-01,2001-05-24,,"  전자부품, 컴퓨터, 영상, 음향 및 통신장비 제조업",5,0,18.1
3711,(주)에이텍티앤,224110,2016-12-01,2015-08-25,,"  전자부품, 컴퓨터, 영상, 음향 및 통신장비 제조업",5,0,170.81
3712,(주)에이텍티앤,224110,2017-12-01,2015-08-25,,"  전자부품, 컴퓨터, 영상, 음향 및 통신장비 제조업",5,0,13.56
3716,(주)에이트원,230980,2017-12-01,2016-03-02,,  출판업,5,0,-0.99
3722,(주)에이티세미콘,89530,2013-12-01,2011-11-11,,"  기타 전문, 과학 및 기술 서비스업",5,0,-18.36
3727,(주)에이티세미콘,89530,2018-12-01,2011-11-11,,"  전자부품, 컴퓨터, 영상, 음향 및 통신장비 제조업",5,0,15.84
3737,(주)에이프로,262260,2020-12-01,2020-07-16,,  전기장비 제조업,5,0,-27.27
3740,(주)에이프로젠헬스케어앤게임즈,109960,2013-12-01,2009-11-13,,"  전자부품, 컴퓨터, 영상, 음향 및 통신장비 제조업",5,0,-4.39
3743,(주)에이프로젠헬스케어앤게임즈,109960,2016-12-01,2009-11-13,,"  전자부품, 컴퓨터, 영상, 음향 및 통신장비 제조업",5,0,38.74
3748,(주)에임하이글로벌,43580,2011-12-01,2001-08-02,2018-08-10,"  전자부품, 컴퓨터, 영상, 음향 및 통신장비 제조업",4,0,-2.94
3749,(주)에임하이글로벌,43580,2012-12-01,2001-08-02,2018-08-10,"  전자부품, 컴퓨터, 영상, 음향 및 통신장비 제조업",4,0,75.69
3755,(주)에치에프알,230240,2018-12-01,2015-12-16,,"  전자부품, 컴퓨터, 영상, 음향 및 통신장비 제조업",5,0,1349846.59
3768,(주)에코프로,86520,2016-12-01,2007-07-20,,  전기장비 제조업,5,0,58.93
3774,(주)에코프로비엠,247540,2020-12-01,2019-03-05,,  전기장비 제조업,5,0,38.74
3778,(주)에프알텍,73540,2014-12-01,2007-05-18,,"  전자부품, 컴퓨터, 영상, 음향 및 통신장비 제조업",5,0,-41.92
3790,(주)에프앤리퍼블릭,64090,2015-12-01,2002-12-17,,"  전자부품, 컴퓨터, 영상, 음향 및 통신장비 제조업",5,0,-16.72
3796,(주)에프에스엔,214270,2016-12-01,2015-03-25,,  출판업,5,0,324744.36
3803,(주)에프에스티,36810,2013-12-01,2000-01-18,,"  전자부품, 컴퓨터, 영상, 음향 및 통신장비 제조업",5,0,1.89
3827,(주)엑사이엔씨,54940,2011-12-01,2001-12-13,,"  전자부품, 컴퓨터, 영상, 음향 및 통신장비 제조업",5,0,22.65
3828,(주)엑사이엔씨,54940,2012-12-01,2001-12-13,,  전문직별 공사업,5,0,-23.57
3837,(주)엑세스바이오인코퍼레이션,950130,2013-12-01,2013-05-30,,  의료용 물질 및 의약품 제조업,5,0,23.91
3845,(주)엑셈,205100,2015-12-01,2014-11-07,,  출판업,5,0,206467.37
3862,(주)엔에스,217820,2016-12-01,2015-12-07,,  기타 기계 및 장비 제조업,5,0,-2.72
3871,(주)엔에스브이,95300,2015-12-01,2009-04-17,2017-09-12,  기타 기계 및 장비 제조업,4,0,-31.3
3873,(주)엔에스엔,31860,2011-12-01,1997-01-07,,  정보서비스업,5,0,5.66
3888,(주)엔에이치엔벅스,104200,2016-12-01,2009-10-06,,  정보서비스업,5,0,19.99
3904,(주)엔젠바이오,354200,2020-12-01,2020-12-10,,"  기타 전문, 과학 및 기술 서비스업",5,0,67.8
3905,(주)엔지스테크널러지,208860,2016-12-01,2016-07-28,,  출판업,6,0,-41.81
3908,(주)엔지스테크널러지,208860,2019-12-01,2016-07-28,,  출판업,6,0,50.39
3910,(주)엔지켐생명과학,183490,2018-12-01,2018-02-21,,  의료용 물질 및 의약품 제조업,5,0,18.75
3924,(주)엔텔스,69410,2012-12-01,2007-06-20,,  출판업,5,0,17.42
3933,(주)엔투텍,227950,2018-12-01,2015-11-18,,  기타 기계 및 장비 제조업,5,0,191057.9
3936,(주)엔피케이,48830,2011-12-01,2000-10-12,,  화학물질 및 화학제품 제조업; 의약품 제외,5,0,9.14
3937,(주)엔피케이,48830,2012-12-01,2000-10-12,,  화학물질 및 화학제품 제조업; 의약품 제외,5,0,-7.9
3957,(주)엘아이에스,138690,2012-12-01,2011-06-02,,  기타 기계 및 장비 제조업,6,0,-67.79
3966,(주)엘앤씨바이오,290650,2018-12-01,2018-11-01,,  의료용 물질 및 의약품 제조업,5,0,18.66
3995,(주)엘엠에스,73110,2011-12-01,2007-10-12,,"  의료, 정밀, 광학기기 및 시계 제조업",5,0,925166.2
4022,(주)엠게임,58630,2018-12-01,2008-12-19,,  출판업,5,0,-1.55
4025,(주)엠디에스테크,86960,2011-12-01,2006-09-26,,  출판업,5,0,0.11
4026,(주)엠디에스테크,86960,2012-12-01,2006-09-26,,  출판업,5,0,2.87
4038,(주)엠에스씨,9780,2011-12-01,1993-10-12,,  식료품 제조업,5,0,18
4067,(주)엠투엔,33310,2014-12-01,1997-11-10,,  금속가공제품 제조업; 기계 및 가구 제외,5,0,-0.72
4068,(주)엠투엔,33310,2015-12-01,1997-11-10,,  금속가공제품 제조업; 기계 및 가구 제외,5,0,30.78
4074,(주)엠플러스,259630,2017-12-01,2017-09-20,,  기타 기계 및 장비 제조업,5,0,720995.84
4076,(주)엠플러스,259630,2019-12-01,2017-09-20,,  기타 기계 및 장비 제조업,5,0,33.58
4078,(주)엠피대산,65150,2011-12-01,2007-07-18,,  도매 및 상품 중개업,5,0,4.82
4079,(주)엠피대산,65150,2012-12-01,2007-07-18,,  도매 및 상품 중개업,5,0,11.51
4089,(주)연우,115960,2016-12-01,2015-11-02,,  고무 및 플라스틱제품 제조업,5,0,17.81
4107,(주)영우디에스피,143540,2016-12-01,2014-10-29,,  기타 기계 및 장비 제조업,5,0,152.68
4118,(주)예림당,36000,2011-12-01,1999-11-30,,  출판업,5,0,6.92
4119,(주)예림당,36000,2012-12-01,1999-11-30,,  출판업,5,0,-11.17
4128,(주)예선테크,250930,2019-12-01,2016-09-29,,  고무 및 플라스틱제품 제조업,5,0,589229.75
4131,(주)예스티,122640,2016-12-01,2015-12-16,,  기타 기계 및 장비 제조업,5,0,-25.33
4157,(주)오르비텍,46120,2012-12-01,2010-06-15,,"  건축기술, 엔지니어링 및 기타 과학기술 서비스업",5,0,17.76
4162,(주)오르비텍,46120,2017-12-01,2010-06-15,,"  건축기술, 엔지니어링 및 기타 과학기술 서비스업",5,0,13.82
4180,(주)오리엔트정공,65500,2015-12-01,2002-09-19,,  자동차 및 트레일러 제조업,5,0,14.32
4186,(주)오리콤,10470,2011-12-01,2000-10-24,,  전문 서비스업,5,0,15.78
4187,(주)오리콤,10470,2012-12-01,2000-10-24,,  전문 서비스업,5,0,7.94
4256,(주)오하임아이엔티,309930,2020-12-01,2018-12-20,,  소매업; 자동차 제외,5,0,277955.77
4257,(주)옵투스제약,131030,2013-12-01,2010-12-03,,  의료용 물질 및 의약품 제조업,5,0,268395.89
4313,(주)와이엔텍,67900,2016-12-01,2005-12-23,,"  폐기물 수집, 운반, 처리 및 원료 재생업",5,0,19.1
4322,(주)와이오엠,66430,2015-12-01,2002-12-24,,  사업지원 서비스업,5,0,14.22
4328,(주)와이제이엠게임즈,193250,2014-12-01,2014-12-29,,"  전자부품, 컴퓨터, 영상, 음향 및 통신장비 제조업",5,0,-15.5
4335,(주)와이즈버즈,273060,2020-12-01,2017-08-07,,  전문 서비스업,5,0,122602.04
4364,(주)와이티엔,40300,2015-12-01,2001-09-04,,  영상ㆍ오디오 기록물 제작 및 배급업,5,0,10.41
4370,(주)와이팜,332570,2020-12-01,2020-07-31,,"  전자부품, 컴퓨터, 영상, 음향 및 통신장비 제조업",5,0,-70.22
4389,(주)우리넷,115440,2019-12-01,2010-01-27,,"  전자부품, 컴퓨터, 영상, 음향 및 통신장비 제조업",5,0,65.2
4394,(주)우리로,46970,2015-12-01,2012-11-27,,"  전자부품, 컴퓨터, 영상, 음향 및 통신장비 제조업",5,0,250.32
4408,(주)우정바이오,215380,2017-12-01,2015-05-18,,  연구개발업,5,0,289220.73
4422,(주)원바이오젠,307280,2020-12-01,2018-12-05,,  의료용 물질 및 의약품 제조업,5,0,-100
4436,(주)원익머트리얼즈,104830,2013-12-01,2011-12-28,,  화학물질 및 화학제품 제조업; 의약품 제외,5,0,18.1
4444,(주)원익아이피에스,240810,2017-12-01,2016-05-02,,  기타 기계 및 장비 제조업,5,0,158.45
4450,(주)원익큐브,14190,2013-12-01,1996-04-26,,  도매 및 상품 중개업,5,0,-11.12
4451,(주)원익큐브,14190,2014-12-01,1996-04-26,,  도매 및 상품 중개업,5,0,-6.66
4471,(주)원익피앤이,131390,2014-12-01,2011-09-27,,  전기장비 제조업,5,0,-14.85
4548,(주)웹스,196700,2015-12-01,2015-08-24,,  화학물질 및 화학제품 제조업; 의약품 제외,5,0,-0.4
4554,(주)웹젠,69080,2011-12-01,2003-05-23,,  출판업,5,0,48.12
4555,(주)웹젠,69080,2012-12-01,2003-05-23,,  출판업,5,0,-4.26
4592,(주)위다스,56810,2011-12-01,2002-01-15,2013-09-10,"  전자부품, 컴퓨터, 영상, 음향 및 통신장비 제조업",4,0,-38.5
4615,(주)위메이드플레이,123420,2013-12-01,2010-11-10,,  출판업,5,0,476059.94
4616,(주)위메이드플레이,123420,2014-12-01,2010-11-10,,  출판업,5,0,202.62
4625,(주)위지윅스튜디오,299900,2019-12-01,2018-12-20,,  영상ㆍ오디오 기록물 제작 및 배급업,5,0,96.22
4631,(주)위지트,36090,2015-12-01,1999-12-10,,  기타 기계 및 장비 제조업,5,0,14.41
4637,(주)윈스,136540,2012-12-01,2011-05-02,,"  컴퓨터 프로그래밍, 시스템 통합 및 관리업",5,0,48.87
4642,(주)윈스,136540,2017-12-01,2011-05-02,,"  컴퓨터 프로그래밍, 시스템 통합 및 관리업",5,0,-2.14
4659,(주)윈하이텍,192390,2019-12-01,2014-07-25,,  금속가공제품 제조업; 기계 및 가구 제외,5,0,-11.19
4702,(주)유라테크,48430,2012-12-01,2001-01-11,,  전기장비 제조업,5,0,36.35
4725,(주)유비쿼스,264450,2018-12-01,2017-03-31,,"  전자부품, 컴퓨터, 영상, 음향 및 통신장비 제조업",5,0,24.99
4751,(주)유신,54930,2014-12-01,2002-01-15,,"  건축기술, 엔지니어링 및 기타 과학기술 서비스업",5,0,-8.34
4776,(주)유아이디,69330,2019-12-01,2003-08-18,,"  전자부품, 컴퓨터, 영상, 음향 및 통신장비 제조업",5,0,427.79
4779,(주)유에스티,263770,2018-12-01,2017-04-06,,  1차 금속 제조업,5,0,496026.15
4784,(주)유일엔시스,38720,2011-12-01,2001-01-18,2013-05-01,"  전자부품, 컴퓨터, 영상, 음향 및 통신장비 제조업",4,0,-6.68
4785,(주)유일엔시스,38720,2012-12-01,2001-01-18,2013-05-01,"  전자부품, 컴퓨터, 영상, 음향 및 통신장비 제조업",4,0,-40.88
4789,(주)유진로봇,56080,2014-12-01,2001-11-13,,  기타 기계 및 장비 제조업,5,0,41.67
4790,(주)유진로봇,56080,2015-12-01,2001-11-13,,  기타 기계 및 장비 제조업,5,0,14.76
4807,(주)유테크,178780,2016-12-01,2015-06-30,,"  전자부품, 컴퓨터, 영상, 음향 및 통신장비 제조업",6,0,-35.37
4816,(주)유틸렉스,263050,2018-12-01,2018-12-24,,  의료용 물질 및 의약품 제조업,5,0,201.95
4825,(주)율호,72770,2011-12-01,2007-07-25,,  출판업,5,0,-11.73
4826,(주)율호,72770,2012-12-01,2007-07-25,,  출판업,5,0,-29.65
4833,(주)율호,72770,2019-12-01,2007-07-25,,"  컴퓨터 프로그래밍, 시스템 통합 및 관리업",5,0,15.12
4849,(주)이글루코퍼레이션,67920,2015-12-01,2010-08-04,,  출판업,5,0,-2.75
4865,(주)이노메트리,302430,2018-12-01,2018-12-12,,  기타 기계 및 장비 제조업,5,0,117.43
4878,(주)이노인스트루먼트,215790,2017-12-01,2015-05-08,,"  전자부품, 컴퓨터, 영상, 음향 및 통신장비 제조업",5,0,685148.72
4894,(주)이녹스첨단소재,272290,2018-12-01,2017-07-10,,"  전자부품, 컴퓨터, 영상, 음향 및 통신장비 제조업",5,0,51.79
4907,(주)이랜시스,264850,2019-12-01,2017-06-01,,"  전자부품, 컴퓨터, 영상, 음향 및 통신장비 제조업",5,0,522884.88
4920,(주)이루온,65440,2011-12-01,2003-01-28,,  출판업,5,0,-1.63
4921,(주)이루온,65440,2012-12-01,2003-01-28,,  출판업,5,0,-8.13
4932,(주)이미지스테크놀로지,115610,2013-12-01,2010-02-26,,"  전자부품, 컴퓨터, 영상, 음향 및 통신장비 제조업",5,0,123.28
4946,(주)이브이수성,84180,2017-12-01,2005-12-16,,  기타 기계 및 장비 제조업,5,0,-6.3
5079,(주)이큐셀,160600,2015-12-01,2015-06-26,,  기타 기계 및 장비 제조업,6,0,72.04
5084,(주)이크레더블,92130,2011-09-01,2008-10-24,,  정보서비스업,5,0,21.15
5086,(주)이크레더블,92130,2013-12-01,2008-10-24,,  정보서비스업,5,0,3.91
5114,(주)인산가,62580,2016-12-01,2015-12-21,2018-09-11,  식료품 제조업,4,0,249607.15
5117,(주)인산가,277410,2018-12-01,2017-09-29,,  식료품 제조업,5,0,-3.02
5145,(주)인콘,83640,2015-12-01,2005-12-27,,"  전자부품, 컴퓨터, 영상, 음향 및 통신장비 제조업",5,0,-6.56
5156,(주)인터로조,119610,2016-12-01,2010-07-28,,"  의료, 정밀, 광학기기 및 시계 제조업",5,0,23.77
5165,(주)인터플렉스,51370,2015-12-01,2003-01-22,,"  전자부품, 컴퓨터, 영상, 음향 및 통신장비 제조업",5,0,-17.63
5177,(주)인텍플러스,64290,2017-12-01,2011-01-05,,  기타 기계 및 장비 제조업,5,0,45.27
5191,(주)인트로메딕,150840,2018-12-01,2013-12-19,,"  의료, 정밀, 광학기기 및 시계 제조업",6,0,9.6
5199,(주)인트론바이오테크놀로지,48530,2016-12-01,2011-01-26,,  의료용 물질 및 의약품 제조업,5,0,-13.63
5206,(주)인포마크,175140,2017-12-01,2015-09-23,,"  전자부품, 컴퓨터, 영상, 음향 및 통신장비 제조업",6,0,-11.39
5213,(주)인포바인,115310,2014-12-01,2010-02-09,,  우편 및 통신업,5,0,5.16
5222,(주)인포피아,36220,2013-12-01,2007-06-05,2016-05-09,  의료용 물질 및 의약품 제조업,4,0,-10.04
5237,(주)일신바이오베이스,68330,2013-12-01,2007-12-26,,  기타 기계 및 장비 제조업,5,0,-20.35
5253,(주)일야,58450,2019-12-01,2002-01-17,,"  전자부품, 컴퓨터, 영상, 음향 및 통신장비 제조업",5,0,5.02
5268,(주)일진파워,94820,2014-12-01,2007-11-06,,  기타 기계 및 장비 제조업,5,0,7.6
5304,(주)정다운,208140,2016-12-01,2014-12-17,,  식료품 제조업,5,0,-0.83
5323,(주)정원엔시스,45510,2015-12-01,2000-09-07,,"  컴퓨터 프로그래밍, 시스템 통합 및 관리업",5,0,12.56
5338,(주)제넥신,95700,2020-12-01,2009-09-15,,  연구개발업,5,0,64.06
5360,(주)제닉,123330,2012-12-01,2011-08-03,,  화학물질 및 화학제품 제조업; 의약품 제외,5,0,-18.49
5390,(주)제이브이엠,54950,2014-12-01,2006-06-07,,  기타 기계 및 장비 제조업,5,0,8.09
5402,(주)제이스텍,90470,2016-12-01,2007-01-10,,  기타 기계 및 장비 제조업,5,0,115.38
5419,(주)제이엘케이,322510,2019-12-01,2019-12-11,,"  컴퓨터 프로그래밍, 시스템 통합 및 관리업",5,0,-36.75
5421,(주)제이와이피엔터테인먼트,35900,2011-06-01,2001-08-30,,"  기타 전문, 과학 및 기술 서비스업",5,0,0.79
5422,(주)제이와이피엔터테인먼트,35900,2012-12-01,2001-08-30,,  영상ㆍ오디오 기록물 제작 및 배급업,5,0,47.18
5433,(주)제이웨이,58420,2013-12-01,2002-01-10,,  영상ㆍ오디오 기록물 제작 및 배급업,6,0,3.8
5434,(주)제이웨이,58420,2014-12-01,2002-01-10,,  영상ㆍ오디오 기록물 제작 및 배급업,6,0,7.3
5450,(주)제이테크놀로지,35480,2012-12-01,1999-11-18,2019-12-12,"  전자부품, 컴퓨터, 영상, 음향 및 통신장비 제조업",4,0,-1.04
5451,(주)제이테크놀로지,35480,2013-12-01,1999-11-18,2019-12-12,"  전자부품, 컴퓨터, 영상, 음향 및 통신장비 제조업",4,0,5.1
5455,(주)제이테크놀로지,35480,2017-12-01,1999-11-18,2019-12-12,  스포츠 및 오락관련 서비스업,4,0,-66.8
5460,(주)제이티,89790,2014-12-01,2006-10-27,,  기타 기계 및 장비 제조업,5,0,106.71
5465,(주)제이티,89790,2019-12-01,2006-10-27,,  기타 기계 및 장비 제조업,5,0,21.31
5487,(주)제주반도체,80220,2011-12-01,2005-02-01,,"  전자부품, 컴퓨터, 영상, 음향 및 통신장비 제조업",5,0,51.52
5488,(주)제주반도체,80220,2012-12-01,2005-02-01,,"  전자부품, 컴퓨터, 영상, 음향 및 통신장비 제조업",5,0,-65.1
5499,(주)젠큐릭스,229000,2020-12-01,2020-06-25,,"  의료, 정밀, 광학기기 및 시계 제조업",5,0,1050.65
5515,(주)젬백스링크,64800,2016-12-01,2002-08-22,,"  컴퓨터 프로그래밍, 시스템 통합 및 관리업",5,0,107.8
5563,(주)중앙에너비스,440,2014-09-01,1993-03-24,,  도매 및 상품 중개업,5,0,17.3
5564,(주)중앙에너비스,440,2015-12-01,1993-03-24,,  도매 및 상품 중개업,5,0,-10.8
5568,(주)중앙에너비스,440,2019-12-01,1993-03-24,,  도매 및 상품 중개업,5,0,-13.7
5570,(주)지노믹트리,228760,2019-12-01,2019-03-27,,  의료용 물질 및 의약품 제조업,5,0,-27.22
5574,(주)지니뮤직,43610,2012-12-01,2000-07-20,,  정보서비스업,5,0,-0.12
5580,(주)지니뮤직,43610,2018-12-01,2000-07-20,,  정보서비스업,5,0,10.02
5583,(주)지니틱스,303030,2019-12-01,2018-08-30,,"  전자부품, 컴퓨터, 영상, 음향 및 통신장비 제조업",5,0,549350.69
5586,(주)지디,155960,2014-12-01,2013-02-13,2018-10-12,"  전자부품, 컴퓨터, 영상, 음향 및 통신장비 제조업",4,0,-18.96
5587,(주)지디,155960,2015-12-01,2013-02-13,2018-10-12,"  전자부품, 컴퓨터, 영상, 음향 및 통신장비 제조업",4,0,-33.56
5590,(주)지란지교시큐리티,208350,2016-12-01,2014-12-24,,  출판업,5,0,198534.83
5591,(주)지란지교시큐리티,208350,2017-12-01,2014-12-24,,  출판업,5,0,110.25
5598,(주)지씨셀,144510,2019-12-01,2016-06-23,,"  기타 전문, 과학 및 기술 서비스업",5,0,14.37
5600,(주)지아이바이오,35450,2011-12-01,1999-11-11,2013-08-07,"  컴퓨터 프로그래밍, 시스템 통합 및 관리업",4,0,5.05
5601,(주)지아이바이오,35450,2012-12-01,1999-11-11,2013-08-07,"  컴퓨터 프로그래밍, 시스템 통합 및 관리업",4,0,134.25
5628,(주)지엔씨에너지,119850,2017-12-01,2013-10-02,,  전기장비 제조업,5,0,-16.98
5654,(주)진로발효,18120,2016-12-01,1993-12-29,,  음료 제조업,5,0,-2.08
5723,(주)초록뱀이앤엠,131100,2012-12-01,2011-06-14,,  화학물질 및 화학제품 제조업; 의약품 제외,6,0,-7.44
5731,(주)초록뱀컴퍼니,52300,2011-12-01,2001-08-02,,  창고 및 운송관련 서비스업,5,0,-22.3
5732,(주)초록뱀컴퍼니,52300,2012-12-01,2001-08-02,,  창고 및 운송관련 서비스업,5,0,-17.8
5805,(주)케스피온,79190,2014-12-01,2005-11-29,,"  전자부품, 컴퓨터, 영상, 음향 및 통신장비 제조업",5,0,-20.19
5806,(주)케스피온,79190,2015-12-01,2005-11-29,,"  전자부품, 컴퓨터, 영상, 음향 및 통신장비 제조업",5,0,-0.7
5816,(주)케어젠,214370,2016-12-01,2015-11-17,,  의료용 물질 및 의약품 제조업,5,0,2.22
5823,(주)케이사인,192250,2014-12-01,2014-04-28,,  출판업,5,0,260830.4
5941,(주)케이엔씨글로벌,68150,2012-12-01,2003-07-21,2017-03-07,  섬유제품 제조업; 의복제외,4,0,88.75
5959,(주)케이엘넷,39420,2013-12-01,2002-03-12,,  우편 및 통신업,5,0,3.58
5992,(주)케이지모빌리언스,46440,2016-12-01,2004-12-14,,  출판업,5,0,-20.94
5999,(주)케이지이니시스,35600,2013-12-01,2002-11-22,,  출판업,5,0,89.48
6000,(주)케이지이니시스,35600,2014-12-01,2002-11-22,,  출판업,5,0,31.75
6028,(주)케이프,64820,2012-12-01,2007-05-29,,  기타 운송장비 제조업,5,0,-29.61
6038,(주)케이피에스,256940,2018-12-01,2017-09-06,,  기타 기계 및 장비 제조업,5,0,68.98
6061,(주)케이피티유,54410,2011-12-01,2002-04-25,,  금속가공제품 제조업; 기계 및 가구 제외,5,0,-39.92
6062,(주)케이피티유,54410,2012-12-01,2002-04-25,,  금속가공제품 제조업; 기계 및 가구 제외,5,0,6.18
6067,(주)케이피티유,54410,2017-12-01,2002-04-25,,  금속가공제품 제조업; 기계 및 가구 제외,5,0,24.05
6072,(주)케일럼,258610,2018-12-01,2017-08-22,,  금속가공제품 제조업; 기계 및 가구 제외,5,0,-2.06
6075,(주)켐온,217600,2017-12-01,2015-06-26,,  연구개발업,5,0,155391.66
6089,(주)켐트로스,220260,2017-12-01,2015-07-27,,  화학물질 및 화학제품 제조업; 의약품 제외,5,0,434445.13
6095,(주)코다코,46070,2013-12-01,2000-12-26,,  자동차 및 트레일러 제조업,5,0,10.5
6114,(주)코디,80530,2012-12-01,2010-01-05,,  기타 기계 및 장비 제조업,5,0,56.89
6124,(주)코디엠,224060,2016-12-01,2015-12-29,,  기타 기계 및 장비 제조업,5,0,-5.13
6137,(주)코리아나화장품,27050,2011-12-01,1999-12-10,,  화학물질 및 화학제품 제조업; 의약품 제외,5,0,-5.18
6138,(주)코리아나화장품,27050,2012-12-01,1999-12-10,,  화학물질 및 화학제품 제조업; 의약품 제외,5,0,-7.48
6155,(주)코리아에스이,101670,2017-12-01,2008-07-15,,  금속가공제품 제조업; 기계 및 가구 제외,5,0,6.06
6206,(주)코센,9730,2014-12-01,1990-07-27,,  1차 금속 제조업,6,0,10.59
6207,(주)코센,9730,2015-12-01,1990-07-27,,  1차 금속 제조업,6,0,-4.58
6222,(주)코스나인,82660,2020-12-01,2005-10-05,,"  전자부품, 컴퓨터, 영상, 음향 및 통신장비 제조업",5,0,14.48
6233,(주)코스온,69110,2016-12-01,2003-10-14,,  화학물질 및 화학제품 제조업; 의약품 제외,6,0,34.15
6239,(주)코썬바이오,204990,2017-12-01,2016-12-09,,  식료품 제조업,6,0,-10.35
6252,(주)코아시아옵틱스,196450,2015-12-01,2014-06-02,,"  의료, 정밀, 광학기기 및 시계 제조업",5,0,64.02
6275,(주)코원플레이,56000,2017-12-01,2003-07-11,,  출판업,6,0,2.3
6279,(주)코윈테크,282880,2019-12-01,2019-08-05,,  기타 기계 및 장비 제조업,5,0,18.57
6308,(주)코텍,52330,2019-12-01,2001-07-10,,"  전자부품, 컴퓨터, 영상, 음향 및 통신장비 제조업",5,0,-17.7
6310,(주)코퍼스코리아,322780,2020-12-01,2019-05-31,,  영상ㆍ오디오 기록물 제작 및 배급업,5,0,216435.62
6313,(주)코프라,126600,2013-12-01,2010-11-12,,  화학물질 및 화학제품 제조업; 의약품 제외,5,0,3.28
6321,(주)쿠첸,225650,2016-12-01,2015-09-04,2019-09-16,  전기장비 제조업,4,0,157.73
6346,(주)큐리언트,115180,2016-12-01,2016-02-29,,  연구개발업,6,0,
6347,(주)큐리언트,115180,2017-12-01,2016-02-29,,  연구개발업,6,0,
6348,(주)큐리언트,115180,2018-12-01,2016-02-29,,  연구개발업,6,0,
6349,(주)큐리언트,115180,2019-12-01,2016-02-29,,  연구개발업,6,0,
6350,(주)큐리언트,115180,2020-12-01,2016-02-29,,  연구개발업,6,0,
6351,(주)큐브엔터테인먼트,182360,2015-12-01,2013-11-21,,  영상ㆍ오디오 기록물 제작 및 배급업,5,0,223888.53
6358,(주)큐에스아이,66310,2012-12-01,2006-11-24,,"  전자부품, 컴퓨터, 영상, 음향 및 통신장비 제조업",5,0,-1.66
6359,(주)큐에스아이,66310,2013-12-01,2006-11-24,,"  전자부품, 컴퓨터, 영상, 음향 및 통신장비 제조업",5,0,-4
6391,(주)클라우드에어,36170,2012-12-01,1999-12-21,,"  전자부품, 컴퓨터, 영상, 음향 및 통신장비 제조업",5,0,222.78
6400,(주)클래시스,214150,2017-12-01,2015-04-03,,"  의료, 정밀, 광학기기 및 시계 제조업",5,0,348581.66
6404,(주)클루넷,67130,2011-12-01,2002-06-17,2012-06-08,  영상ㆍ오디오 기록물 제작 및 배급업,4,0,-24.58
6405,(주)클리노믹스,352770,2020-12-01,2020-12-04,,"  건축기술, 엔지니어링 및 기타 과학기술 서비스업",5,0,139.45
6412,(주)키이스트,54780,2012-12-01,2003-11-14,,  영상ㆍ오디오 기록물 제작 및 배급업,5,0,26.47
6413,(주)키이스트,54780,2013-12-01,2003-11-14,,  영상ㆍ오디오 기록물 제작 및 배급업,5,0,110.11
6452,(주)태광,23160,2018-12-01,1994-09-07,,  1차 금속 제조업,5,0,-13.85
6478,(주)태창파로스,39850,2012-12-01,2000-07-11,2015-05-19,  도매 및 상품 중개업,4,0,-8.53
6484,(주)테라리소스,53320,2011-12-01,2002-01-04,2014-02-07,  도매 및 상품 중개업,4,0,83.68
6498,(주)테스,95610,2013-12-01,2008-05-20,,  기타 기계 및 장비 제조업,5,0,-4.69
6508,(주)테크윙,89030,2013-12-01,2011-11-10,,  기타 기계 및 장비 제조업,5,0,0.81
6521,(주)텔레칩스,54450,2016-12-01,2004-12-10,,"  전자부품, 컴퓨터, 영상, 음향 및 통신장비 제조업",5,0,22.97
6531,(주)텔레필드,91440,2016-12-01,2008-02-01,,"  전자부품, 컴퓨터, 영상, 음향 및 통신장비 제조업",5,0,15.16
6543,(주)토박스코리아,215480,2017-12-01,2015-05-13,,  소매업; 자동차 제외,5,0,305252.8
6568,(주)톱텍,108230,2012-12-01,2009-09-15,,  기타 기계 및 장비 제조업,5,0,-26.17
6569,(주)톱텍,108230,2013-12-01,2009-09-15,,  기타 기계 및 장비 제조업,5,0,53.11
6578,(주)투비소프트,79970,2012-12-01,2010-06-01,,  출판업,5,0,26.59
6601,(주)트루윈,105550,2020-12-01,2014-07-11,,"  전자부품, 컴퓨터, 영상, 음향 및 통신장비 제조업",5,0,27.43
6608,(주)특수건설,26150,2017-12-01,1997-08-06,,  종합 건설업,5,0,-5.06
6612,(주)티라유텍,322180,2019-12-01,2019-10-31,,  출판업,5,0,25.33
6614,(주)티로보틱스,117730,2018-12-01,2018-11-29,,  기타 기계 및 장비 제조업,5,0,-5.47
6631,(주)티사이언티픽,57680,2013-12-01,2002-06-18,,  출판업,5,0,-10.6
6633,(주)티사이언티픽,57680,2015-12-01,2002-06-18,,  출판업,5,0,47.23
6656,(주)티에스넥스젠,43220,2014-12-01,2001-07-03,,"  전자부품, 컴퓨터, 영상, 음향 및 통신장비 제조업",5,0,15.93
6689,(주)티움바이오,321550,2019-12-01,2019-11-22,,  연구개발업,5,0,-1.41
6690,(주)티움바이오,321550,2020-12-01,2019-11-22,,  연구개발업,5,0,-5.75
6699,(주)티케이케미칼,104480,2019-12-01,2011-04-26,,  화학물질 및 화학제품 제조업; 의약품 제외,5,0,-21.32
6716,(주)티피씨,130740,2016-12-01,2011-02-08,,  자동차 및 트레일러 제조업,5,0,7.04
6721,(주)티피씨메카트로닉스,48770,2011-06-01,2001-01-16,,  기타 기계 및 장비 제조업,5,0,76.71
6724,(주)티피씨메카트로닉스,48770,2014-12-01,2001-01-16,,  기타 기계 및 장비 제조업,5,0,-0.96
6731,(주)파나진,46210,2011-12-01,2000-08-16,,  금속가공제품 제조업; 기계 및 가구 제외,5,0,21.77
6772,(주)파마리서치,214450,2016-12-01,2015-07-24,,  도매 및 상품 중개업,5,0,22.69
6777,(주)파멥신,208340,2018-12-01,2018-11-21,,  의료용 물질 및 의약품 제조업,5,0,-99.87
6778,(주)파멥신,208340,2019-12-01,2018-11-21,,  의료용 물질 및 의약품 제조업,5,0,-100
6779,(주)파멥신,208340,2020-12-01,2018-11-21,,  의료용 물질 및 의약품 제조업,5,0,inf
6781,(주)파버나인,177830,2015-12-01,2014-08-04,,"  전자부품, 컴퓨터, 영상, 음향 및 통신장비 제조업",5,0,-39.16
6818,(주)파이오링크,170790,2013-12-01,2013-08-02,,"  전자부품, 컴퓨터, 영상, 음향 및 통신장비 제조업",5,0,14.58
6834,(주)파인디앤씨,49120,2011-12-01,2001-07-26,,"  전자부품, 컴퓨터, 영상, 음향 및 통신장비 제조업",5,0,10.93
6835,(주)파인디앤씨,49120,2012-12-01,2001-07-26,,"  전자부품, 컴퓨터, 영상, 음향 및 통신장비 제조업",5,0,-25.16
6844,(주)파인디지털,38950,2011-12-01,2000-05-04,,"  전자부품, 컴퓨터, 영상, 음향 및 통신장비 제조업",5,0,-31.1
6845,(주)파인디지털,38950,2012-12-01,2000-05-04,,"  전자부품, 컴퓨터, 영상, 음향 및 통신장비 제조업",5,0,25.7
6896,(주)파티게임즈,194510,2014-12-01,2014-11-21,2020-09-09,  출판업,4,0,-7.79
6939,(주)펄어비스,263750,2018-12-01,2017-09-14,,  출판업,5,0,336.5
6969,(주)포스코엠텍,9520,2011-12-01,1997-11-10,,  1차 금속 제조업,5,0,23.35
6980,(주)포인트엔지니어링,176560,2017-12-01,2017-08-14,2019-07-16,  금속가공제품 제조업; 기계 및 가구 제외,4,0,494984.98
6982,(주)포인트엔지니어링,256630,2019-12-01,2017-05-02,,  금속가공제품 제조업; 기계 및 가구 제외,5,0,-23.42
6986,(주)폴라리스세원,234100,2019-12-01,2017-10-20,,  자동차 및 트레일러 제조업,5,0,42.32
7001,(주)폴라리스우노,114630,2014-12-01,2010-01-15,,  화학물질 및 화학제품 제조업; 의약품 제외,5,0,-21.49
7008,(주)폴리플러스,65610,2011-12-01,2002-12-06,2012-05-01,  화학물질 및 화학제품 제조업; 의약품 제외,4,0,-20.22
7009,(주)푸드나무,290720,2018-12-01,2018-10-04,,  소매업; 자동차 제외,5,0,52.07
7023,(주)푸른기술,94940,2012-12-01,2007-09-14,,"  전자부품, 컴퓨터, 영상, 음향 및 통신장비 제조업",5,0,-5.36
7029,(주)푸른기술,94940,2018-12-01,2007-09-14,,"  전자부품, 컴퓨터, 영상, 음향 및 통신장비 제조업",5,0,15.89
7034,(주)퓨쳐켐,220100,2017-12-01,2016-12-01,,  의료용 물질 및 의약품 제조업,5,0,84.48
7049,(주)프로스테믹스,203690,2015-12-01,2014-09-30,,  의료용 물질 및 의약품 제조업,5,0,148249.38
7056,(주)프로텍,53610,2012-12-01,2001-08-17,,  기타 기계 및 장비 제조업,5,0,48.75
7084,(주)플래스크,41590,2015-12-01,2002-11-01,,"  전자부품, 컴퓨터, 영상, 음향 및 통신장비 제조업",5,0,-40.31
7090,(주)플랜티넷,75130,2011-12-01,2005-06-10,,"  컴퓨터 프로그래밍, 시스템 통합 및 관리업",5,0,11.16
7091,(주)플랜티넷,75130,2012-12-01,2005-06-10,,"  컴퓨터 프로그래밍, 시스템 통합 및 관리업",5,0,17.03
7119,(주)피델릭스,32580,2012-12-01,1997-04-22,,"  전자부품, 컴퓨터, 영상, 음향 및 통신장비 제조업",5,0,10.55
7157,(주)피엔티,137400,2012-12-01,2012-07-06,,  기타 기계 및 장비 제조업,5,0,-30.96
7175,(주)피엔풍년,24940,2020-12-01,1995-01-04,,  금속가공제품 제조업; 기계 및 가구 제외,5,0,5.68
7181,(주)피제이메탈,128660,2011-12-01,2010-12-13,,  1차 금속 제조업,5,0,92.01
7214,(주)핌스,347770,2020-12-01,2020-09-18,,"  전자부품, 컴퓨터, 영상, 음향 및 통신장비 제조업",5,0,7.22
7216,(주)하림,136480,2012-12-01,2011-05-02,,  식료품 제조업,5,0,4.64
7218,(주)하림,136480,2014-12-01,2011-05-02,,  식료품 제조업,5,0,-4.38
7230,(주)하이로닉,149980,2015-12-01,2014-12-17,,"  의료, 정밀, 광학기기 및 시계 제조업",5,0,-21.48
7236,(주)하이비젼시스템,126700,2012-12-01,2010-09-10,,"  의료, 정밀, 광학기기 및 시계 제조업",5,0,835892.49
7237,(주)하이비젼시스템,126700,2013-12-01,2010-09-10,,"  의료, 정밀, 광학기기 및 시계 제조업",5,0,-18.35
7297,(주)한국코퍼레이션,50540,2013-12-01,2005-12-12,,  사업지원 서비스업,6,0,-6.28
7298,(주)한국코퍼레이션,50540,2014-12-01,2005-12-12,,  사업지원 서비스업,6,0,5.63
7315,(주)한국테크놀로지,53590,2011-12-01,2001-08-23,,  도매 및 상품 중개업,5,0,-48.81
7323,(주)한국테크놀로지,53590,2019-12-01,2001-08-23,,  기타 기계 및 장비 제조업,5,0,1771.1
7336,(주)한글과컴퓨터,30520,2011-12-01,1996-09-24,,  출판업,5,0,21.37
7337,(주)한글과컴퓨터,30520,2012-12-01,1996-09-24,,  출판업,5,0,15.14
7368,(주)한송네오텍,226440,2018-12-01,2015-10-06,,  기타 기계 및 장비 제조업,6,0,383274.62
7370,(주)한송네오텍,226440,2020-12-01,2015-10-06,,  기타 기계 및 장비 제조업,6,0,-10.11
7371,(주)한일진공,123840,2013-12-01,2010-10-05,,  기타 기계 및 장비 제조업,5,0,420048.89
7388,(주)한창바이오텍,43090,2020-12-01,2001-10-11,,  도매 및 상품 중개업,5,0,-29.43
7389,(주)한컴위드,54920,2011-12-01,2001-11-01,,  출판업,5,0,22.31
7390,(주)한컴위드,54920,2012-12-01,2001-11-01,,  출판업,5,0,-14.79
7396,(주)한컴위드,54920,2018-12-01,2001-11-01,,  출판업,5,0,-4.13
7411,(주)해피드림,65180,2013-12-01,2002-06-18,2015-05-04,  전문직별 공사업,4,0,269.66
7413,(주)핸디소프트,220180,2016-12-01,2016-11-24,,  출판업,5,0,-11.43
7418,(주)헥토이노베이션,214180,2015-12-01,2015-06-30,,  정보서비스업,5,0,50.62
7419,(주)헥토이노베이션,214180,2016-12-01,2015-06-30,,  정보서비스업,5,0,52.83
7425,(주)헥토파이낸셜,234340,2020-12-01,2019-07-12,,  정보서비스업,5,0,19.14
7433,(주)헬릭스미스,84990,2018-12-01,2005-12-29,,  연구개발업,5,0,67.23
7466,(주)현대이지웰,90850,2015-12-01,2013-12-27,,  출판업,5,0,20.52
7473,(주)협진,138360,2014-12-01,2013-11-08,,  화학물질 및 화학제품 제조업; 의약품 제외,6,0,23.5
7483,(주)형지아이앤씨,11080,2014-12-01,2004-07-02,,"  의복, 의복 액세서리 및 모피제품 제조업",5,0,44.34
7488,(주)형지아이앤씨,11080,2019-12-01,2004-07-02,,"  의복, 의복 액세서리 및 모피제품 제조업",5,0,-6.12
7500,(주)홈캐스트,64240,2011-12-01,2003-06-11,,"  전자부품, 컴퓨터, 영상, 음향 및 통신장비 제조업",5,0,21.76
7501,(주)홈캐스트,64240,2012-12-01,2003-06-11,,"  전자부품, 컴퓨터, 영상, 음향 및 통신장비 제조업",5,0,-39.86
7510,(주)화신정공,126640,2011-12-01,2010-08-31,,  자동차 및 트레일러 제조업,5,0,1106855.4
7529,(주)휴네시온,290270,2018-12-01,2018-08-02,,  출판업,5,0,14.44
7550,(주)휴맥스홀딩스,28080,2019-12-01,1997-04-16,,  전문 서비스업,5,0,194.36
7557,(주)휴먼엔,32860,2016-12-01,1997-07-04,,"  폐기물 수집, 운반, 처리 및 원료 재생업",6,0,20.8
7566,(주)휴메딕스,200670,2016-12-01,2014-12-26,,  의료용 물질 및 의약품 제조업,5,0,11.87
7581,(주)휴센텍,215090,2018-12-01,2015-04-28,,"  의료, 정밀, 광학기기 및 시계 제조업",6,0,207736.44
7584,(주)휴엠앤씨,263920,2017-12-01,2017-09-28,,  기타 제품 제조업,6,0,-0.16
7585,(주)휴엠앤씨,263920,2018-12-01,2017-09-28,,  기타 제품 제조업,6,0,-13.76
7588,(주)휴온스,243070,2017-12-01,2016-06-03,,  의료용 물질 및 의약품 제조업,5,0,68.58
7593,(주)휴온스글로벌,84110,2012-12-01,2006-12-19,,  의료용 물질 및 의약품 제조업,5,0,19.79
7594,(주)휴온스글로벌,84110,2013-12-01,2006-12-19,,  의료용 물질 및 의약품 제조업,5,0,16.73
7620,(주)희림종합건축사사무소,37440,2013-12-01,2000-02-03,,"  건축기술, 엔지니어링 및 기타 과학기술 서비스업",5,0,2.93
7621,(주)희림종합건축사사무소,37440,2014-12-01,2000-02-03,,"  건축기술, 엔지니어링 및 기타 과학기술 서비스업",5,0,-9.35
7631,(주)힘스,238490,2020-12-01,2017-07-20,,  기타 기계 및 장비 제조업,5,0,24.85
7634,KB오토시스(주),24120,2011-12-01,1994-12-07,,  자동차 및 트레일러 제조업,5,0,21.9
7675,감성코퍼레이션(주),36620,2018-12-01,2000-01-11,,  도매 및 상품 중개업,5,0,-39.84
7705,경남제약(주),53950,2018-12-01,2001-11-06,,  의료용 물질 및 의약품 제조업,5,0,3.14
7718,경창산업(주),24910,2011-12-01,1994-12-29,,  자동차 및 트레일러 제조업,5,0,39.83
7719,경창산업(주),24910,2012-12-01,1994-12-29,,  자동차 및 트레일러 제조업,5,0,5.82
7729,고려신용정보(주),49720,2012-12-01,2002-01-31,,  사업지원 서비스업,5,0,3.41
7736,고려신용정보(주),49720,2019-12-01,2002-01-31,,  사업지원 서비스업,5,0,12.51
7773,국일제지(주),78130,2019-12-01,2004-10-22,,"  펄프, 종이 및 종이제품 제조업",5,0,72.16
7785,글로벌텍스프리(주),204620,2017-12-01,2014-11-19,,  소매업; 자동차 제외,5,0,329528.78
7789,글로본(주),19660,2017-12-01,1992-06-04,,  도매 및 상품 중개업,5,0,70998.64
7829,나이스정보통신(주),36800,2016-12-01,2000-05-03,,  우편 및 통신업,5,0,20.15
7858,농업회사법인(주)농우바이오,54050,2013-09-01,2002-04-02,,  농업,5,0,12.03
7868,뉴지랩파마(주),214870,2017-12-01,2015-10-13,,"  전자부품, 컴퓨터, 영상, 음향 및 통신장비 제조업",5,0,-6.92
7907,대보마그네틱(주),290670,2018-12-01,2018-11-06,,  전기장비 제조업,5,0,56.63
7931,대양전기공업(주),108380,2012-12-01,2011-07-08,,  기타 운송장비 제조업,5,0,50.52
8003,대한광통신(주),10170,2014-12-01,1994-11-07,,  전기장비 제조업,5,0,-0.39
8017,대한그린파워(주),60900,2018-12-01,2002-09-17,,"  코크스, 연탄 및 석유정제품 제조업",5,0,-7.79
8053,더이앤엠(주),89230,2014-12-01,2006-10-10,,  금속가공제품 제조업; 기계 및 가구 제외,5,0,7.56
8060,덕산네오룩스(주),213420,2015-12-01,2015-02-06,,"  전자부품, 컴퓨터, 영상, 음향 및 통신장비 제조업",5,0,inf
8068,덕산하이메탈(주),77360,2013-12-01,2005-10-14,,"  전자부품, 컴퓨터, 영상, 음향 및 통신장비 제조업",5,0,-13.52
8080,데브시스터즈(주),194480,2014-12-01,2014-10-06,,  출판업,5,0,13.37
8081,데브시스터즈(주),194480,2015-12-01,2014-10-06,,  출판업,5,0,-71.87
8109,동국제약(주),86450,2013-12-01,2007-05-29,,  의료용 물질 및 의약품 제조업,5,0,18.19
8154,동일금속(주),109860,2012-12-01,2009-07-28,,  1차 금속 제조업,5,0,8.07
8192,디엑스앤브이엑스(주),180400,2018-12-01,2015-11-20,,"  건축기술, 엔지니어링 및 기타 과학기술 서비스업",6,0,13.59
8223,디케이락(주),105740,2020-12-01,2010-11-12,,  기타 기계 및 장비 제조업,5,0,-4.27
8234,라온피플(주),300120,2019-12-01,2019-10-18,,  출판업,5,0,41.38
8235,라온피플(주),300120,2020-12-01,2019-10-18,,  출판업,5,0,-51.12
8251,로스웰인터내셔널유한회사,900260,2016-12-01,2016-06-30,,  전문 서비스업,5,0,68.91
8262,로체시스템즈(주),71280,2017-12-01,2003-11-14,,  전기장비 제조업,5,0,240.89
8279,마이크로로봇(주),182690,2017-12-01,2014-10-30,,"  전자부품, 컴퓨터, 영상, 음향 및 통신장비 제조업",6,0,-53.87
8283,매일유업(주),267980,2018-12-01,2017-06-05,,  식료품 제조업,5,0,47.6
8306,메가스터디교육(주),215200,2016-12-01,2015-05-04,,  교육 서비스업,5,0,39.38
8319,메디앙스(주),14100,2013-12-01,1995-01-03,,  화학물질 및 화학제품 제조업; 의약품 제외,5,0,-12.81
8349,무림에스피(주),1810,2012-12-01,2000-01-04,,"  펄프, 종이 및 종이제품 제조업",5,0,-3.37
8371,미스터블루(주),207760,2015-12-01,2014-12-12,,  정보서비스업,5,0,170812.15
8372,미스터블루(주),207760,2016-12-01,2014-12-12,,  정보서비스업,5,0,40.61
8379,바디텍메드(주),206640,2015-12-01,2014-12-29,,  의료용 물질 및 의약품 제조업,5,0,398114.15
8385,바이온(주),32980,2011-06-01,1997-08-06,,  도매 및 상품 중개업,5,0,1.67
8389,바이온(주),32980,2015-12-01,1997-08-06,,  고무 및 플라스틱제품 제조업,5,0,28.85
8415,부산방직공업(주),25270,2011-03-01,1995-03-20,2016-08-18,  섬유제품 제조업; 의복제외,4,0,45.41
8417,부산방직공업(주),25270,2013-12-01,1995-03-20,2016-08-18,  섬유제품 제조업; 의복제외,4,0,-20.86
8420,브릿지바이오테라퓨틱스(주),288330,2019-12-01,2019-12-20,,  의료용 물질 및 의약품 제조업,5,0,inf
8423,비디아이(주),148140,2017-12-01,2017-11-09,,  기타 기계 및 장비 제조업,6,0,-5.63
8438,비플라이소프트(주),148780,2017-12-01,2022-06-20,,  출판업,5,0,191455.72
8444,빛샘전자(주),72950,2014-12-01,2012-03-21,,"  전자부품, 컴퓨터, 영상, 음향 및 통신장비 제조업",5,0,-2.87
8457,삼강엠앤티(주),100090,2017-12-01,2008-01-01,,  1차 금속 제조업,5,0,-28.88
8493,삼보산업(주),9620,2013-12-01,1993-12-07,,  1차 금속 제조업,5,0,4.28
8509,삼아제약(주),9300,2019-12-01,2000-07-19,,  의료용 물질 및 의약품 제조업,5,0,6.89
8527,삼영이엔씨(주),65570,2017-12-01,2003-01-21,,"  전자부품, 컴퓨터, 영상, 음향 및 통신장비 제조업",5,0,6.07
8535,삼지전자(주),37460,2015-12-01,1999-12-16,,"  전자부품, 컴퓨터, 영상, 음향 및 통신장비 제조업",5,0,2326.22
8542,삼천당제약(주),250,2012-12-01,2000-10-04,,  의료용 물질 및 의약품 제조업,5,0,-1.18
8556,삼천리자전거(주),24950,2016-12-01,1995-01-04,,  도매 및 상품 중개업,5,0,12.65
8646,성융광전투자유한공사,900150,2011-12-01,2010-09-15,2012-09-26,  전문 서비스업,4,0,-23.67
8667,세종텔레콤(주),36630,2011-12-01,2000-01-04,,  우편 및 통신업,6,0,-1.61
8668,세종텔레콤(주),36630,2012-12-01,2000-01-04,,  우편 및 통신업,6,0,-26.41
8697,스튜디오드래곤(주),253450,2017-12-01,2017-11-24,,  영상ㆍ오디오 기록물 제작 및 배급업,5,0,85.69
8705,시그네틱스(주),33170,2015-12-01,2010-11-26,,"  전자부품, 컴퓨터, 영상, 음향 및 통신장비 제조업",5,0,-10.91
8723,신라에스지(주),25870,2013-12-01,1995-07-07,,  식료품 제조업,5,0,-12.16
8746,신신제약(주),2800,2017-12-01,2017-02-28,,  의료용 물질 및 의약품 제조업,5,0,6.31
8756,신원종합개발(주),17000,2017-12-01,1994-12-07,,  종합 건설업,5,0,69.05
8809,씨아이에스(주),144630,2015-12-01,2014-04-25,2017-01-20,  기타 기계 및 장비 제조업,4,0,24.15
8810,씨아이에스(주),222080,2017-12-01,2015-09-02,,  기타 기계 및 장비 제조업,5,0,261121.24
8823,씨앤티85(주),56730,2017-12-01,2002-01-04,,  도매 및 상품 중개업,6,0,107.44
8827,씨에스베어링(주),297090,2019-12-01,2019-11-21,,  기타 기계 및 장비 제조업,5,0,58.39
8852,아미코젠(주),92040,2014-12-01,2013-09-12,,  식료품 제조업,5,0,17.91
8859,아비코전자(주),36010,2011-12-01,2002-07-03,,  전기장비 제조업,5,0,-45.11
8860,아비코전자(주),36010,2012-12-01,2002-07-03,,  전기장비 제조업,5,0,-7.56
8877,아이이(주),23430,2011-12-01,1994-10-07,2017-12-20,  우편 및 통신업,4,0,-13.39
8878,아이이(주),23430,2012-12-01,1994-10-07,2017-12-20,"  전자부품, 컴퓨터, 영상, 음향 및 통신장비 제조업",4,0,-34.55
8887,아이진(주),185490,2019-12-01,2015-11-16,,  연구개발업,5,0,108.59
8894,아이크래프트(주),52460,2013-12-01,2005-01-03,,"  컴퓨터 프로그래밍, 시스템 통합 및 관리업",5,0,-13.1
8909,아이텍(주),119830,2018-12-01,2010-10-26,,"  기타 전문, 과학 및 기술 서비스업",5,0,19.57
8931,알서포트(주),131370,2013-12-01,2011-01-05,,  출판업,5,0,215019.55
8943,알에프머트리얼즈(주),327260,2019-12-01,2019-12-24,,"  전자부품, 컴퓨터, 영상, 음향 및 통신장비 제조업",5,0,-15.87
8944,알에프머트리얼즈(주),327260,2020-12-01,2019-12-24,,"  전자부품, 컴퓨터, 영상, 음향 및 통신장비 제조업",5,0,12.35
8945,알에프에이치아이씨(주),218410,2017-12-01,2015-06-30,,"  전자부품, 컴퓨터, 영상, 음향 및 통신장비 제조업",5,0,620452.28
9030,에스씨아이평가정보(주),36120,2016-12-01,1999-12-07,,  사업지원 서비스업,5,0,-1.69
9044,에스엔유프리시젼(주),80000,2018-12-01,2005-01-25,,  기타 기계 및 장비 제조업,5,0,-28.95
9049,에스엔케이폴리텍(주),91340,2013-12-01,2007-07-30,,"  전자부품, 컴퓨터, 영상, 음향 및 통신장비 제조업",5,0,13.31
9057,에스와이(주),109610,2015-12-01,2015-12-29,,  금속가공제품 제조업; 기계 및 가구 제외,5,0,2617146.32
9083,에스지에이솔루션즈(주),184230,2015-06-01,2013-12-20,,  출판업,5,0,199843.83
9089,에스지에이시스템즈(주),232290,2016-12-01,2016-03-30,2017-12-22,  출판업,4,0,179.88
9097,에스케이씨솔믹스(주),57500,2011-12-01,2001-12-26,2020-12-23,"  전자부품, 컴퓨터, 영상, 음향 및 통신장비 제조업",4,0,45.3
9098,에스케이씨솔믹스(주),57500,2012-12-01,2001-12-26,2020-12-23,"  전자부품, 컴퓨터, 영상, 음향 및 통신장비 제조업",4,0,5.58
9125,에스티팜(주),237690,2016-12-01,2016-06-23,,  의료용 물질 및 의약품 제조업,5,0,45.13
9130,에스퓨얼셀(주),288620,2018-12-01,2018-10-15,,  전기장비 제조업,5,0,55.17
9132,에스퓨얼셀(주),288620,2020-12-01,2018-10-15,,  전기장비 제조업,5,0,23.81
9133,에이비엘바이오(주),298380,2018-12-01,2018-12-19,,  의료용 물질 및 의약품 제조업,5,0,1661.03
9139,에이스하이텍(주),71930,2014-12-01,2004-01-16,2015-07-10,"  전자부품, 컴퓨터, 영상, 음향 및 통신장비 제조업",4,0,-51.94
9154,에이치엘비생명과학(주),67630,2012-12-01,2008-11-25,,"  건축기술, 엔지니어링 및 기타 과학기술 서비스업",5,0,-69.39
9166,에이치엘비제약(주),47920,2018-12-01,2015-12-21,,  연구개발업,5,0,32.03
9208,에이피티씨(주),89970,2019-12-01,2018-08-23,,  기타 기계 및 장비 제조업,5,0,-2.81
9220,에코캡(주),128540,2019-12-01,2018-12-05,,  자동차 및 트레일러 제조업,5,0,-12.49
9222,에코플라스틱(주),38110,2011-12-01,2000-03-23,,  자동차 및 트레일러 제조업,5,0,60.87
9223,에코플라스틱(주),38110,2012-12-01,2000-03-23,,  자동차 및 트레일러 제조업,5,0,14.9
9235,에프엔에스테크(주),83500,2020-12-01,2017-02-27,,  기타 기계 및 장비 제조업,5,0,169.56
9281,엘비세미콘(주),61970,2018-12-01,2011-01-31,,"  전자부품, 컴퓨터, 영상, 음향 및 통신장비 제조업",5,0,109.12
9295,엘티씨(주),170920,2014-12-01,2013-10-08,,  화학물질 및 화학제품 제조업; 의약품 제외,5,0,-15.92
9317,영신금속공업(주),7530,2013-12-01,1994-08-05,,  금속가공제품 제조업; 기계 및 가구 제외,5,0,-0.07
9342,예스이십사(주),53280,2014-12-01,2008-05-07,,  소매업; 자동차 제외,5,0,25.9
9343,예스이십사(주),53280,2015-12-01,2008-05-07,,  소매업; 자동차 제외,5,0,-12.71
9349,오가닉티코스메틱스홀딩스컴퍼니리미티드,900300,2016-12-01,2016-11-04,,  전문 서비스업,5,0,18.61
9384,오션브릿지(주),241790,2016-12-01,2016-12-01,,  화학물질 및 화학제품 제조업; 의약품 제외,5,0,37.81
9385,오션브릿지(주),241790,2017-12-01,2016-12-01,,  화학물질 및 화학제품 제조업; 의약품 제외,5,0,60.15
9401,올릭스(주),226950,2018-12-01,2018-07-18,,  연구개발업,5,0,23.79
9424,와이더블유(주),51390,2011-12-01,2001-11-15,,"  전자부품, 컴퓨터, 영상, 음향 및 통신장비 제조업",5,0,41.17
9425,와이더블유(주),51390,2012-12-01,2001-11-15,,"  전자부품, 컴퓨터, 영상, 음향 및 통신장비 제조업",5,0,42.98
9434,와이아이케이(주),232140,2017-12-01,2015-12-24,,  기타 기계 및 장비 제조업,5,0,1504816.64
9438,와이엠씨(주),155650,2012-12-01,2012-11-15,,"  전자부품, 컴퓨터, 영상, 음향 및 통신장비 제조업",5,0,8.6
9439,와이엠씨(주),155650,2013-12-01,2012-11-15,,"  전자부품, 컴퓨터, 영상, 음향 및 통신장비 제조업",5,0,2.82
9473,우리산업(주),215360,2016-12-01,2015-05-06,,  자동차 및 트레일러 제조업,5,0,31.55
9520,우림피티에스(주),101170,2020-12-01,2009-04-28,,  기타 기계 및 장비 제조업,5,0,8.29
9550,우진비앤지(주),18620,2018-12-01,2008-05-20,,  의료용 물질 및 의약품 제조업,5,0,22.66
9559,원풍물산(주),8290,2013-12-01,1997-07-18,,"  의복, 의복 액세서리 및 모피제품 제조업",6,0,5.22
9575,위즈코프(주),38620,2011-12-01,2000-05-04,,"  컴퓨터 프로그래밍, 시스템 통합 및 관리업",5,0,-28.97
9576,위즈코프(주),38620,2012-12-01,2000-05-04,,  소매업; 자동차 제외,5,0,-7.48
9585,윈텍(주),320000,2020-12-01,2019-09-18,,  기타 기계 및 장비 제조업,5,0,112294.78
9643,이노시스(주),56090,2016-12-01,2015-11-12,,"  의료, 정밀, 광학기기 및 시계 제조업",5,0,-19.93
9648,이니텍(주),53350,2011-12-01,2001-11-15,,  출판업,5,0,22.09
9660,이스트아시아홀딩스인베스트먼트리미티드,900110,2011-12-01,2010-04-23,,  전문 서비스업,5,0,18.88
9689,이오플로우(주),294090,2020-12-01,2020-09-14,,"  의료, 정밀, 광학기기 및 시계 제조업",5,0,inf
9695,이원컴포텍(주),88290,2013-12-01,2009-12-01,,  자동차 및 트레일러 제조업,5,0,1.65
9696,이원컴포텍(주),88290,2014-12-01,2009-12-01,,  자동차 및 트레일러 제조업,5,0,40.38
9711,이트론(주),96040,2019-12-01,2008-01-25,,  도매 및 상품 중개업,5,0,242.13
9723,이화전기공업(주),24810,2011-12-01,1994-12-29,,  전기장비 제조업,5,0,5.39
9724,이화전기공업(주),24810,2012-12-01,1994-12-29,,  전기장비 제조업,5,0,112.5
9732,이화전기공업(주),24810,2020-12-01,1994-12-29,,  전기장비 제조업,5,0,-6.25
9735,인베니아(주),79950,2012-12-01,2005-02-04,,  기타 기계 및 장비 제조업,5,0,-80.2
9754,인크로스(주),216050,2016-12-01,2016-10-31,,  전문 서비스업,5,0,18.63
9771,인포뱅크(주),39290,2013-12-01,2006-07-04,,  정보서비스업,5,0,12.7
9795,자이글(주),234920,2017-12-01,2016-09-06,,  전기장비 제조업,5,0,-19.12
9799,잘만테크(주),90120,2011-12-01,2007-05-22,2015-05-13,"  전자부품, 컴퓨터, 영상, 음향 및 통신장비 제조업",4,0,55.04
9800,잘만테크(주),90120,2012-12-01,2007-05-22,2015-05-13,"  전자부품, 컴퓨터, 영상, 음향 및 통신장비 제조업",4,0,80.69
9822,제룡산업(주),147830,2012-12-01,2012-02-13,,  금속가공제품 제조업; 기계 및 가구 제외,5,0,608.41
9841,제이더블유신약(주),67290,2011-12-01,2003-02-11,,  금속가공제품 제조업; 기계 및 가구 제외,5,0,2.77
9842,제이더블유신약(주),67290,2012-12-01,2003-02-11,,  금속가공제품 제조업; 기계 및 가구 제외,5,0,-1.19
9862,제이씨케미칼(주),137950,2012-12-01,2011-08-08,,  화학물질 및 화학제품 제조업; 의약품 제외,5,0,-17.44
9871,제이씨현시스템(주),33320,2011-12-01,1997-11-10,,  도매 및 상품 중개업,5,0,3.16
9872,제이씨현시스템(주),33320,2012-12-01,1997-11-10,,  도매 및 상품 중개업,5,0,-4.85
9929,조아제약(주),34940,2013-12-01,1999-08-13,,  의료용 물질 및 의약품 제조업,5,0,7.02
9930,조아제약(주),34940,2014-12-01,1999-08-13,,  의료용 물질 및 의약품 제조업,5,0,-1.88
9969,지더블유바이텍(주),36180,2019-12-01,1999-12-21,,  도매 및 상품 중개업,5,0,14.37
9979,지엔원에너지(주),270520,2020-12-01,2017-08-22,,"  건축기술, 엔지니어링 및 기타 과학기술 서비스업",5,0,303597.11
9980,지엘팜텍(주),204840,2016-12-01,2014-11-20,,  연구개발업,5,0,46256.02
9982,지엘팜텍(주),204840,2018-12-01,2014-11-20,,  연구개발업,5,0,231.34
10003,차이나크리스탈신소재홀딩스,900250,2015-12-01,2016-01-28,,  전문 서비스업,5,0,14.97
10018,참존글로벌(주),158310,2015-12-01,2013-04-03,,  기타 기계 및 장비 제조업,6,0,-44.64
10037,커머스마이너 (주),223310,2015-12-01,2015-12-24,,  출판업,6,0,76.87
10039,커머스마이너 (주),223310,2017-12-01,2015-12-24,,  출판업,6,0,-53.79
10043,컬러레이홀딩스,900310,2017-12-01,2017-08-10,,  전문 서비스업,5,0,18.46
10053,케이만금세기차륜집단유한공사,900280,2016-12-01,2016-10-19,,  전문 서비스업,5,0,16.96
10060,케이비아이메탈(주),24840,2013-12-01,1994-12-29,,  전기장비 제조업,5,0,7.43
10061,케이비아이메탈(주),24840,2014-12-01,1994-12-29,,  전기장비 제조업,5,0,-15.11
10064,케이비아이메탈(주),24840,2017-12-01,1994-12-29,,  1차 금속 제조업,5,0,31.48
10068,케이에이치건설(주),226360,2017-12-01,2015-10-22,,"  건축기술, 엔지니어링 및 기타 과학기술 서비스업",5,0,352839.73
10069,케이에이치건설(주),226360,2018-12-01,2015-10-22,,  종합 건설업,5,0,9.4
10082,케이엠제약(주),225430,2018-12-01,2015-10-08,,  화학물질 및 화학제품 제조업; 의약품 제외,5,0,172921.26
10090,케이지이티에스(주),151860,2018-12-01,2013-07-24,,"  폐기물 수집, 운반, 처리 및 원료 재생업",5,0,13.73
10092,케이지이티에스(주),151860,2020-12-01,2013-07-24,,"  폐기물 수집, 운반, 처리 및 원료 재생업",5,0,-4.36
10114,코드네이처(주),78940,2011-12-01,2004-08-27,,  1차 금속 제조업,5,0,-28.34
10115,코드네이처(주),78940,2012-12-01,2004-08-27,,  1차 금속 제조업,5,0,-29.68
10124,코리아에프티(주),123410,2012-12-01,2010-08-27,,  자동차 및 트레일러 제조업,5,0,2403894.43
10154,코오롱생명과학(주),102940,2020-12-01,2009-04-07,,  의료용 물질 및 의약품 제조업,6,0,-12.88
10155,코오롱티슈진(주),950160,2017-12-01,2017-11-06,,  의료용 물질 및 의약품 제조업,6,0,-75.99
10179,콜마비앤에이치(주),200130,2015-12-01,2014-07-23,,  의료용 물질 및 의약품 제조업,5,0,2361767.75
10195,크로바하이텍(주),43590,2011-12-01,2001-12-20,,  전기장비 제조업,5,0,4.29
10196,크로바하이텍(주),43590,2012-12-01,2001-12-20,,  전기장비 제조업,5,0,-9.75
10228,키네마스터(주),139670,2014-12-01,2011-12-02,,  출판업,5,0,-5.23
10237,테고사이언스(주),191420,2016-12-01,2014-11-06,,  의료용 물질 및 의약품 제조업,5,0,11.36
10248,테라사이언스(주),73640,2017-12-01,2004-01-06,,  금속가공제품 제조업; 기계 및 가구 제외,5,0,6.02
10274,팅크웨어(주),84730,2013-12-01,2006-05-19,,"  전자부품, 컴퓨터, 영상, 음향 및 통신장비 제조업",5,0,-1.06
10314,피에스케이(주),319660,2019-12-01,2019-05-10,,  기타 기계 및 장비 제조업,5,0,687.17
10315,피에스케이(주),319660,2020-12-01,2019-05-10,,  기타 기계 및 장비 제조업,5,0,71.87
10373,하이즈항공(주),221840,2017-12-01,2015-11-25,,  기타 운송장비 제조업,5,0,35.97
10379,한국기업평가(주),34950,2013-12-01,2002-02-07,,  사업지원 서비스업,5,0,-4.39
10387,한국맥널티(주),222980,2015-12-01,2015-12-23,,  식료품 제조업,5,0,271210.81
10388,한국맥널티(주),222980,2016-12-01,2015-12-23,,  식료품 제조업,5,0,19.81
10394,한국선재(주),25550,2012-12-01,1995-06-19,,  1차 금속 제조업,5,0,-14.48
10395,한국선재(주),25550,2013-12-01,1995-06-19,,  1차 금속 제조업,5,0,-17.36
10413,한국유니온제약(주),80720,2018-12-01,2018-07-26,,  의료용 물질 및 의약품 제조업,5,0,7.51
10427,한국전자인증(주),41460,2012-12-01,2010-11-19,,  출판업,5,0,15.56
10463,한국정보통신(주),25770,2011-12-01,1998-01-20,,  우편 및 통신업,5,0,19.45
10506,한솔아이원스(주),114810,2019-12-01,2013-02-07,,  기타 기계 및 장비 제조업,5,0,-28.31
10508,한솔인티큐브(주),70590,2011-12-01,2004-01-08,,"  컴퓨터 프로그래밍, 시스템 통합 및 관리업",5,0,5.8
10509,한솔인티큐브(주),70590,2012-12-01,2004-01-08,,"  컴퓨터 프로그래밍, 시스템 통합 및 관리업",5,0,-9.07
10597,해성산업(주),34810,2020-12-01,1999-04-16,,  전문 서비스업,5,0,2266.23
10606,헝셩그룹유한회사,900270,2016-12-01,2016-08-18,,  전문 서비스업,5,0,-1.55
10638,현우산업(주),92300,2018-12-01,2007-10-24,,"  전자부품, 컴퓨터, 영상, 음향 및 통신장비 제조업",5,0,15.96
10648,화성밸브(주),39610,2018-12-01,2000-03-16,,  기타 기계 및 장비 제조업,5,0,20.96
10662,휴림네트웍스(주),192410,2015-12-01,2014-08-14,,"  전자부품, 컴퓨터, 영상, 음향 및 통신장비 제조업",5,0,-38.27
10678,휴마시스(주),205470,2017-12-01,2014-12-01,,  의료용 물질 및 의약품 제조업,5,0,84983.28
10681,휴마시스(주),205470,2020-12-01,2014-12-01,,  의료용 물질 및 의약품 제조업,5,0,399.61
